principioactivo,concentracion,formafarmaceutica,Acta,Expediente
ACEITE ESENCIAL DE EUCALIPTO + MENTOL  + ALCANFOR + SALICILATO DE METILO,0 5 G  + 0 75 G + 1 G + 12 5 G   100 G,UNGÜENTO TÓPICO,ACTA NO  06 DE 2008  2 1 4 3,12782
ACEITE ESENCIAL DE EUCALIPTO + MENTOL  + ALCANFOR + SALICILATO DE METILO,6 G + 4 5 G + 4 5 G +8 G   100 G,UNGÜENTO TÓPICO,,
ACEITE ESENCIAL DE EUCALIPTO + MENTOL  + ALCANFOR + TRIMENTINA,6 G + 5 G + 3 G +4 8 G   100 G,UNGÜENTO TÓPICO,,
ACEITE DE HÍGADO DE PESCADO + OXIDO DE ZINC,20 G + 27 G 100 G,CREMA TÓPICA,ACTA NO  19 DE 1998  NUMERAL 2 1 8,20627
ACETAMINOFEN,HASTA LA CONCENTRACIÓN DE 500 MG,TODAS LAS PRESENTACIONES POR VÍA ORAL,,
ACETAMINOFEN,3 2G 100ML,JARABE,ACTA 21 2018 N 3 4 1 SEM,20130044
ACETAMINOFEN,5G 100ML,JARABE,ACTA 19 2018 N3 1 5 1,20144980
ACETAMINOFEN,500MG,TABLETA,ACTA 10 2017 N 3 1 2 1 Y ACTA 23 2018 N 3 1 5 6  SEM,20123433 20135848
ACETAMINOFEN,250MG,SUPOSITORIO,ACTA 25  DE 2016N  3 1 2 1,20089740
ACETAMINOFEN,325 0MG,TABLETA,ACTA 12 DE 2016  NUMERAL 3 1 6 4 ACTA 05 DE 2018 N3 1 6 3,20107017 19953195
ACETAMINOFEN,125MG,GRANULADO SACHET,A  4 2019 SEMN 3 1 5 3,
ACETAMINOFEN,250MG,,,
ACETAMINOFEN,325MG,,,
ACIDO HIPOCLOROSO,0 046G EQUIVALENTE A 500PPM DE CLORO  100 ML,SOLUCION TOPICA,ACTA 17 2018 N 3 1 11 1SEM,20106164
ACIDO SALICÍLICO,0 57G,PARCHE,RESOLUCIÓN NO   2014043689  DE 18 DE DICIEMBRE DE 2014,19942937
ALCANFOR + MENTOL,3 G + 2 G   100 G,UNGÜENTO TÓPICO,,20012833
ALCANFOR + MENTOL,9 G + 1 35 G   100 G,UNGÜENTO TÓPICO,ACTA 46 2009 NUMERAL 2 1 2 23,20012833
ALCANFOR + MENTOL,4 G + 12 G   100 G,UNGÜENTO TÓPICO,ACTA 33 2010,20012833
ALCANFOR + MENTOL + FENOL,1 PORCENTAJE + 0 6 PORCENTAJE + 0 5 PORCENTAJE,PASTA,,
ALCANFOR + MENTOL + SALICILATO DE METILO,3 G + 4 G + 14 G   100 G  36 MG + 33 MG + 7 1 MG,PARCHE,,19547
ALCANFOR + MENTOL + SALICILATO DE METILO,28 MG +131 MG + 144 MG,PARCHE,,19547
ALCANFOR + MENTOL + SALICILATO DE METILO,3 95 PORCENTAJE +0 975PORCENTAJE+ 1 475PORCENTAJE,UNGÜENTO,,19547
ALCANFOR + MENTOL + SALICILATO DE METILO,3 95 PORCENTAJE +0 975PORCENTAJE+ 1 475PORCENTAJE,UNGÜENTO,,19547
ALCANFOR + OXIDO DE ZINC,0 1 G + 8 G   100 ML,SUSPENSIÓN TÓPICA,,
ALCANFOR + YODO METALICO + SALICILATO DE METILO + MENTOL + ALCANFOR,0 5 G + 2 G + 5 G + 0 5 G    100 G,UNGÜENTO TÓPICO,,230301   20006416
ALCANFOR + YODO METALICO + SALICILATO DE METILO + MENTOL + ALCANFOR,1 G + 10 G + 12 G + 1 G    100 ML,SOLUCIÓN TÓPICA,ACTA NO 12 DE 1999  NUMERAL 2 2 1,228748
ALCANFOR + MENTOL  + SALICILATO DE METILO + TREMENTINA,4 G + 5 G + 2 5 G + 4 G  100 G,UNGÜENTO TÓPICO,,55217   57232
ALCANFOR + MENTOL  + SALICILATO DE METILO + TREMENTINA,2 6 G  + 4 3 G + 5 2 G + 13 1 G   100 G,UNGÜENTO TÓPICO,,28505  20002666
ALCANFOR + MENTOL  + SALICILATO DE METILO + TREMENTINA,4 G+ 3 G + 6 G + 2 G   100 G,UNGÜENTO TÓPICO,,20202
ALCANFOR + MENTOL  + SALICILATO DE METILO + TREMENTINA,4 3 G + 4 3 G + 13 G + 12 G   100  G,SOLUCIÓN TÓPICA,,20002847
ALCANFOR + MENTOL  + SALICILATO DE METILO + TREMENTINA,13 G + 4 3 G + 4 3 G + 16 2 G   100 G,SOLUCIÓN TÓPICA,,34193
ALCANFOR + SALICILATO DE METILO + MENTOL +  TREMENTINA + EUCALIPTOL,8 G + 2 G + 3 G + 8 G+5MG    100 ML,LIQUIDO OLEOSO  ACEITE,,36930
ALCANFOR + SALICILATO DE METILO + MENTOL +  TREMENTINA + EUCALIPTOL,5 G + 4 5 G + 3 G + 4 7 G + 2 5 G      100 G,UNGÜENTO TÓPICO,,37284
ALCANFOR + SALICILATO DE METILO + MENTOL +  TREMENTINA + EUCALIPTOL,3 G + 2 G + 1 5 G + 3 G + 4 G    100 G,UNGÜENTO TÓPICO,,49553
ALCANFOR + SALICILATO DE METILO + MENTOL +  TREMENTINA + EUCALIPTOL,4 3 G + 8 6 G + 4 3 G + 4 3 G + 4 3 G   100 G,UNGÜENTO TÓPICO,,19911226
ALCANFOR + SALICILATO DE METILO + MENTOL +  TREMENTINA + EUCALIPTOL,2 2 G + 1 1 G + 1 1 G + 1 1 G + 0 5 G   100 G,UNGÜENTO TÓPICO,,21322
ALCANFOR + OXIDO DE ZINC + HEXACLOROFENO + ACIDO BORICO,1 G + 5 G + 0 1 G + 4 G    100 G,POLVO PARA USO TÓPICO,,28154
ALCANFOR + FENOL + TIMOL + BENZOCAINA,10 G + 2 G + 1 G + 0 3 G    100 ML,LIQUIDO OLEOSO  ACEITE,,30870
ALCANFOR+  OXIDO DE ZINC + CLORURO DE BENZALCONIO + MENTOL,0 7 G + 10 G + 0 1 G + 0 1 G   100 G,POLVO PARA USO TÓPICO,,32062
ALCANFOR + ALICILATO DE METILO + TREMENTINA + CAPSICUM TINTURA + AMONIACO SOLUCIÓN AL 22PORCENTAJE,2 G + 25 G + 15 G + 0 1 G + 1 G   100 ML,SOLUCIÓN TÓPICA,,32747
ALCANFOR + EUCALIPTO + MENTOL  + MENTA + CTINTURA DE BENJUI COMPUESTA  BENJUI EN GRANO ALOES EN POLVO ESTORAQUE ESPONJILLA BALSAMO DE TOLU ALCOHOL 96º,5G + 1 G + 3 ML + 0 2 ML + 20 ML  100ML,SOLUCIÓN NASAL,,12739
ALCANFOR + ALCOHOL ETILICO + MENTOL,0 5 G + 67 ML + 0 5 G    100 ML,SOLUCIÓN TÓPICA,,46301
ALCANFOR + MENTOL + EUCALIPTO + TREMENTINA + TIMOL,5 2 G + 2 8 G + 1 3 G + 4 6 G + 0 09   100 G,UNGÜENTO TÓPICO,,56568
ALCANFOR + ACIDO SALICILICO + ACIDO UNDECILICO,1 G + 2 G + 1 G    100 G,POLVO PARA USO TÓPICO,,51644
ALCANFOR + ACIDO SALICILICO + ACIDO BENZOICO + EUCALIPTO + MENTA,0 05 G + 1 8 G + 0 1 G + 0 2 G + 0 02 G,LOCIÓN,,114091
ALCANFOR + SALICILATO DE METILO + ACIDO SALICILICO + EUCALIPTO + MENTOL,2 5 G + 8 G + 3 G + 5 G + 2 5 G    100 ML,SOLUCIÓN TÓPICA,,210681
ALCANFOR+ SALICILATO DE METILO + MENTOL + EUCALIPTO,4 5G+ 8G + 4 5G+ 6G  100ML,LOCION TOPICA,A  25 DE 2016 N3 1 7 2,20019405
ALCANFOR + SALICILATO DE METILO + OLEORESINA DE CAPSICO,5 G + 15 G +  5 G   100 ML,SOLUCIÓN TÓPICA,,205717
ALCANFOR + MENTOL + EUCALIPTO + GOMENOL,3 G + 0 2 G + 4 G + 2 G   100 G,CREMA TÓPICA,,206947
ALCANFOR + MENTOL + EUCALIPTO + GOMENOL,3 G + 0 3 G + 4 G + 2 G   100 ML,LIQUIDO OLEOSO  ACEITE,,206945
ALCANFOR + MENTOL + EUCALIPTO  + GOMENOL + METILO SALICILATO,6 G + 1 8 G + 0 4 G + 0 4 G + 7 G   100 G,CREMA TÓPICA,,206946
ALCANFOR + OXIDO DE ZINC + ACETATO DE CLORHEXIDINA,1 G + 10 G + 0 5 G   100 G,POLVO PARA USO TÓPICO,,207300
ALCANFOR + MENTOL + SALICILATO DE METILO +  EUCALIPTO + PETROLATO BLANCO,9 G + 2 G + 3 4 G + 0 8 G + 84  8 G   100 G,UNGÜENTO TÓPICO,,1983892
ALCANFOR + BENZOATO DE BENCILO,10 G + 10 G   100 ML,SOLUCION TOPICA,,36310
ALCANFOR + MENTOL + OXIDO DE ZINC + TIMEROSAL,3 G + 0 6 G + 4 G + 0 1 G   100 G,POMADA,,43071
ALCANFOR + YODO METALICO + YODURO DE POTASIO + SALICILATO DE METILO + GUAYACOL,10 G + 2 G + 2 G + 10 G + 6 G   100 G,POMADA,,19900467
ALCANFOR + MENTOL  + TIMOL + EUCALIPTOL + SALICILATO DE METILO + TREMENTINA,5 3 G + 2 9 G + 0 1 G + 1 4 G + 4 7 G   100 G,UNGÜENTO TÓPICO,,40926
ALCANFOR + GUAYACOL + MENTOL + EUCALIPTO,1 5 G + 3 G + 0 5 G + 1 5 G   100 G,UNGÜENTO TÓPICO,,27808
ALCANFOR + SALICILATO DE METILO + GUAYACOL + EUCALIPTUS +  TREMENTINA,4 G + 5 G + 5 G + 5 G + 5 G   100 G,CREMA TÓPICA,,49468
ALCANFOR + SALICILATO DE METILO + GUAYACOL + EUCALIPTUS +  TREMENTINA,5 G + 5 G + 5 G + 5 G + 9 G,UNGÜENTO TÓPICO,,29679
ALCANFOR + MENTOL + GUAYACOL + EUCALIPTOL + TREMENTINA + SALICILATO DE METILO,1 6 G + 3 3 G + 3 3 G + 5 G + 6 7 G + 6 7 G   100 ML,SOLUCIÓN TÓPICA,,36535
ALCANFOR + MENTOL + EUCALIPTOL +  TREMENTINA + NUEZ MOSCADA + HOJAS DE CEDRO + TIMOL,4 6 G + 5 2 G + 2 8 G + 1 3 G + 0 6 G + 0 4 + 0 09 G   100 G,UNGÜENTO TÓPICO,,37507
ALCANFOR + MENTOL + EUCALIPTOL +  TREMENTINA + NUEZ MOSCADA + HOJAS DE CEDRO + TIMOL,5 3 G + 2 9 G + 1 3 G + 4 8 G +0 7 G + 0 4 G +  1 G    100 G,UNGÜENTO TÓPICO,,1980522
ALCANFOR + MENTOL + GUAYACOL + SALICILATO DE METILO,5 G +1 G + 3 G + 10 G   100 G,UNGÜENTO TÓPICO,,20050294
ALCANFOR + MENTOL + GUAYACOL + SALICILATO DE METILO,2 G + 7 G + 0 5 G + 0 5 G   100 ML,SOLUCIÓN TÓPICA,,42157
ALCANFOR + GUAYACOL + TIMOL + TREMENTINA + EUCALIPTOL + MENTOL,1 3 G + 0 1 G + 0 1 G + 0 4 G + 5 3 G + 2 8 G   100 G,UNGÜENTO TÓPICO,,42171   19939523
ALCANFOR + MENTOL + EUCALIPTOL + TREMENTINA + NUEZ MOSCADA + HOJAS DE CEDRO,4 5 G + 5 2 G + 2 8 G + 1 3 G + 0 6 G + 0 4 G   100 G,CREMA TÓPICA,,45613
ALCANFOR + ESORCINA MONOACETATO  EURESOL  + IRGASAN  DP 300  TRICLOSAN  + AZUFRE  HIDRO ALCOHOL SOLUBILIZADO   BIO  AZUFRE   FL,0 2 G + 0 5 G + 0 1 G + 2 G   100 ML,LOCIÓN,,50155
ALCANFOR + OXIDO DE ZINC + CLORURO DE BENZALCONIO  50PORCENTAJE  + MENTOL + TRICLOSAN,0 7 G + 10 G + 0 3 G + 0 1 G + 0 05 G   100 G,POLVO PARA USO TÓPICO,,225256
ALCANFOR + MENTOL + EUCALIPTOL + SALICILATO DE METILO + IODO METALICO,2 5 G + 3 G + 5 G +  6 G + 6 G   100 G,POMADA,,50129
ALCANFOR + MENTOL  + GUAYACOLATO + SALICILATO DE METILO +  TREMENTINA,3 G + 5 G + 4 G + 2 G + 5 G   100 G,UNGÜENTO TÓPICO,,50454
ALCANFOR + SALICILATO DE METILO + EUCALIPTOL + TREMENTINA,4 5 G + 3 7 G + 3 7 G + 4 5 G   100 G,UNGÜENTO TÓPICO,,53878
ALCANFOR +MENTOL + SALICILATO DE METILO,4PORCENTAJE + 3PORCENTAJE + 10PORCENTAJE,UNGÜENTO TOPICO,A 25 DE 2016 N  3 1 7 1,19951095
ALCANFOR + CALAMINA,0 1 G + 8 G    100 ML,SOLUCIÓN TÓPICA,,55764
ALCOHOL ETÍLICO 96PORCENTAJE + MENTOL,73 0 ML +  0 39 G    100ML,LOCIÓN,ACTA 50 2010,
ACEITE DE HÍGADO DE BACALAO QUE APORTA 9360 UI   G DE VITAMINA A 945 UI   G DE VITAMINA D  9 G  VITAMINA A PALMITATO   VITAMINA D3  10 1  QUE APORTA 47425 926 UI   G DE VITAMINA A PALMITATO Y 5040 5 UI   G DE VITAMINA D3  0 046 G,9361 UI + 945 UI + 9 G + 47425 926 UI + 5040 5 UI + 0 046 G,EMULSIÓN ORAL,ACTA NO  39 DE 2002  NUMERAL 2 2 1,19928894
ACEITE MINERAL,100 ML   100 ML,SOLUCIÓN ORAL,,25894
ACEITE MINERAL + LANOLINA ANHIDRA + PETROLATO BLANCO,30 MG + 30 MG + 1 G   1 G,UNGÜENTO OFTALMICO,ACTA NO 31 DE 2000  NUMERAL 2 6 2,33053
ACEITE MINERAL + PICOSULFATO DE SODIO,33 3 MG + 28 2 G   100 ML,EMULSIÓN ORAL,,48840
ACEITE MINERAL + FENOLFTALEINA,28 6 G + 1 3 G   100 ML,EMULSIÓN,,19901051
ACEITE MINERAL + CALCIO + VITAMINA D + MALTODEXTRINA + CELULOSA MICROCRISTALINA + ÁCIDO ESTEÁRICO + ESTEARATO DE MAGNESIO + CROSPOVIDONA,9 8 MG + 600 MG + 200 UI + 124 5 MG + 28 MG + 0 02 MG + 0 02 MG + 0 02 MG,TABLETA CUBIERTA,ACTA NO  39 DE 2004,19944815
ACEITE MINERAL + PETROLATO BLANCO,42 5 G + 56 8 G   100 G,UNGÜENTO OFTALMICO,,20005977
ACEITE MINERAL + ÓXIDO DE ZINC + LANOLINA,15 PORCENTAJE +20 PORCENTAJE + 10 PORCENTAJE,PASTA,ACTA NO  03 DE 1998  NUMERAL 2 1 3,34606
ACEITE MINERAL+LANOLINA ANHIDRA LIQUIDA,30 MG +30 MG G,UNGÜENTO OFTÁLMICO,ACTA NO  31 DE 2000  NUMERAL 2 6 2,33053
ACETAMINOFÉN + ÁCIDO CÍTRICO + BICARBONATO DE SODIO + CARBONATO DE SODIO,0 5G + 2 1440G + 2 3180G + 0 5G   5 5 G,POLVO EFERVESCENTE PARA RECONSTITUIR A SOLUCIÓN ORAL,,
ACETAMINOFÉN + HIOSCINA N BUTILBROMURO,100 MG + 2 MG   ML,SOLUCIÓN ORAL GOTAS,,
ACETAMINOFÉN + HIOSCINA N BUTILBROMURO,500MG + 10MG,TABLETAS,ACTA 53 2009 NUMERAL 2 1 9 1,
"ACETAMINOFEN + N   BUTIL 
BROMURO   DE   HIOSCINA",325MG + 10MG,TABLETA,A  27 DE 2015 N 3 1 6 3,20100517
ACETAMINOFÉN + CLORFENIRAMINA MALEATO,2 55G + 20 4 MG,JARABE,,
ACETAMINOFÉN + CAFEÍNA,250 MG +  20 MG,CÁPSULA BLANDA,,
ACETAMINOFÉN + CAFEÍNA + IBUPROFENO,250MG + 65MG + 400MG,CÁPSULA BLANDA   TABLETAS,,
ACETAMINOFÉN + CAFEÍNA + FENILEFRINA CLORHIDRATO,500 MG + 25 MG + 5 MG,TABLETAS RECUBIERTAS,,
ACETAMINOFÉN + CAFEÍNA + ÁCIDO ACETILSALICÍLICO,250MG + 65MG + 250MG,TABLETA,ACTA 07 2007 Y ACTA 41 2009,227643 y 20006598
ACETAMINOFEN + CAFEINA ANHIDRA + FENILEFRINA CLORHIDRATO + CETIRIZINA DICLORHIDRATO,500MG+30MG+10MG+5MG,CAPSULA BLANDA,ACTA 25 DE2015N 3 1 5 1,20094522
ACETAMINOFEN  + FENILEFRINA CLORHIDRATO + CLORFENIRAMINA MALEATO,500MG+10MG+4MG SOBRE,GRANULADO,A 34 2018 N 3 3 8,27577
ACETAMINOFEN+FENILEFRINA CLORHIDRATO+HIDROBROMURO DE DEXTROMETORFANO+MALEATO DE CLORFENIRAMINA,325MG+5MG+10MG+2MG,CAPSULA BLANDA,ACTA 07 2015 N3 1 4 2,20078269
ACETAMINOFEN+FENILEFRINA CLORHIDRAO+HIDROBROMURO DE DEXTROMETORFANO,325MG+5MG+10MG,CAPSULA BLANDA,ACTA 16 2014 N 3 1 4 8,20078272
ACETAMINOFEN+FENILLEFRINA CLORHIDRATO+HIDROBROMURO DE DEXTROMETORFANO+CLORFENIRAMINA MALEATO,500MG+5MG+15MG+2MG,TABLETA,ACTA 07 2015 N 3 1 6 1,20078395
ACETAMINOFEN + FENILEFRINA CLORHIDRATO + DESLORATADINA+ CAFEINA ANHIDRA,7 69G + 0 31G + 0 04G + 0 46G 100G,GRANULADO,A 03 DE 2016 N 3 1 5 4,20101373
ACETAMINOFEN + CAFEINA ANHIDRA + FENILEFRINA CLORHIDRATO + DESLORATADINA,500MG +  30MG + 20MG + 2 5MG,CAPSULA,ACTA 17  2018 N3 1 5 6,20143308
ACETAMINOFEN+DOXILAMINA SUCCINATO+DEXTROMETORFANO BROMOHIDRATO,325MG+6 25MG+15MG,CAPSULA BLANDA,ACTA 10 2015 N3 1 4 1,20068228
ACETAMINOFEN + LEVOCETIRIZINA DICLORHIDRATO+ FENILEFRINA CLORHIDRATO + DEXTROMETORFANO BROMHIDRATO,500 MG+ 2 5MG + 20MG + 20MG SOBRE  15 GRAMOS,POLVO P R A SOLUCION,ACTA 05 DE 2017 N  3 1 4 4,20120371
ACETAMINOFEN +  FENILEFRINA CLORHIDRATO + DIFENHIDRAMINA CLORHIDRATO + DEXTROMETORFANO BROMHIDRATO,500MG + 10MG + 25MG + 20MG SOBRE  15 GRAMOS,POLVO P R A SOLUCION,ACTA 05 DE 2017 N  3 1 4 5,20120374
ACETATO DE ALUMINIO,0 5 G   100 ML,LOCIÓN,,
ACETATO DE ALUMINIO,0 5 G   100 G,CREMA,,
ACETATO DE CALCIO + SULFATO DE ALUMINIO,0 069 G + 0 099 G   100 ML,LOCIÓN,,
ACETATO DE ALUMINIO + SULFATO DE ALUMINIO,0 1480 MG + 0 059 MG,LOCIÓN,ACTA NO  29 DE 2004  NUMERAL 2 3 1,
ACETATO DE ALUMINIO + SULFATO DE ALUMINIO,15 MG + 36 6 MG   100 ML,SOLUCIÓN TÓPICA,,51930
ACETATO DE ALUMINIO + ACETATO DE CALCIO,0 14 MG + 0 89 ML   100  ML,LOCIÓN,ACTA NO  29 DE 2003  NUMERAL 2 3 1,19943679
ACETATO DE ALUMINIO + ACETATO DE CALCIO,76 MG + 86 MG   100 ML,LOCIÓN,,19963351   20018075
ACETATO DE ALUMINIO + ACETATO DE CALCIO,0 18 G + 0 16 G   100 ML,LOCIÓN,,56604
ACETATO DE ALUMINIO + ACETATO DE CALCIO + ACIDO ACÉTICO + ACIDO BÓRICO + SULFATO DE ALUMINIO + AGUA DESIONIZADA C S P,0 05 G + 0 05 G + 0 04 G + 0 04 G + 0 07 G + C S P ML   100 ML,LOCIÓN,ACTA NO  22 DE 2001  NUMERAL 2 4 3,19940412
ACETATO DE ULIPRISTAL,30MG,TABLETA,A 18 DE 2017 N 3 11 1,
ACICLOVIR  TÓPICO,0 05,CREMA TÓPICA   LABIAL,,
ACICLOVIR  TÓPICO,0 05,UNGÜENTO TÓPICO,,
ACICLOVIR  TÓPICO,0 05,CREMA VAGINAL,,
ACICLOVIR  TÓPICO,0 09,CREMA,,
ÁCIDO ACÉTICO,0 077 G 100 ML,SOLUCIÓN  VAGINAL,ACTA NO  49 DE 2010  NUMERAL 3 1 6 3,20019826
ÁCIDO ACETILSALICÍLICO,81 MG  100MG  500 MG,TABLETAS – TABLETA DE LIBERACIÓN RÁPIDA,,
ÁCIDO ACETILSALICÍLICO,500MG,TABLETA MASTICABLE,,31867
ÁCIDO ACETILSALICÍLICO  + CAFEINA,650 MG + 65 MG,POLVO EFERVECENTE,ACTA NO  48 DE 2011  NUMERAL 3 1 5 2,20026295
ÁCIDO ACETILSALICÍLICO  + CAFEINA,500 MG + 50 MG,TABLETA,,19930336   39238
ÁCIDO ACETILSALICÍLICO  + CAFEINA,500 MG + 65 MG,TABLETA,ACTA NO  32 DE 2002  NUMERAL 2 5 5  18,20051447
ÁCIDO ACETILSALICÍLICO  + CAFEINA,500 MG + 30 MG,TABLETA,,225013
ÁCIDO ACETILSALICÍLICO  + CAFEINA,650 MG + 60 MG,TABLETA,ACTA NO  18 DE 2003  NUMERAL 2 5 1,19933549
ÁCIDO ACETILSALICÍLICO  + CAFEINA,500 MG + 50 MG,TABLETA,,28506
ÁCIDO ACETILSALICÍLICO  + CAFEINA,500 MG + 45 MG,TABLETA,ACTA NO  12     39 DE 1999 Y ACTA NO  33 DE 1998,205558   19978971
ÁCIDO ACETILSALICÍLICO  + BICARBONATO DE SODIO,0 5 G + 2 8 G,GRANULOS EFERVECENTES,ACTA NO  14 DE 2007  NUMERAL 2 3 3,19933798
ÁCIDO ACETILSALICÍLICO  + BICARBONATO DE SODIO + CAFEINA,0 65 G + 2 5 G + 0 5 G,GRANULOS EFERVECENTES,ACTA NO  13   58 DE 2009,19948796
ÁCIDO ACETILSALICÍLICO  + BICARBONATO DE SODIO + CAFEINA + ÁCIDO CITRICO EN POLVO,500 MG + 1400 MG + 65 MG + 1000 MG,SOBRE CON 3340MG DE POLVO,ACTA NO  18   37 DE 2009,20009866
ÁCIDO ACETILSALICÍLICO + HIDROXIDO DE ALUMINIO GEL SECO + HIDROXIDO DE MAGNESIO,325 MG + 75 MG + 75 MG,TABLETA,,37876
ÁCIDO ACETILSALICÍLICO  + PARACETAMOL + CAFEINA,200 MG + 150 MG + 50 MG,TABLETA,16 5 0 0 N10,41391 20088244
ÁCIDO ASCÓRBICO + ASCORBATO DE SODIO,260 MG + 290 MG,TABLETA MASTICABLE,,
ÁCIDO ASCÓRBICO + ASCORBATO DE SODIO,218 MG + 345 MG,TABLETA MASTICABLE,,
ÁCIDO BENZÓICO + TINTURA DE YODO OFICINAL,1 G + 26 ML   100 ML,SOLUCIÓN TÓPICA,,
ÁCIDO BENZÓICO + RESORCINOL,4 G + 5 G   100 G,UNGÜENTO TÓPICO,,
ÁCIDO BENZOICO + ÁCIDO SALICÍLICO,6 PORCENTAJE + 3 PORCENTAJE,SOLUCIÓN TÓPICA,,
ÁCIDO BENZOICO + ÁCIDO BÓRICO + RESORCINOL,5PORCENTAJE + 5 PORCENTAJE + 3 PORCENTAJE,CREMA,,
ÁCIDO BENZOICO + ÁCIDO SALICÍLICO + RESORCINOL,5 PORCENTAJE + 2 5 PORCENTAJE + 2 22 PORCENTAJE,LOCIÓN,,
ÁCIDO BENZOICO + ÁCIDO SALICÍLICO + RESORCINOL,5 PORCENTAJE + 5 PORCENTAJE + 3 PORCENTAJE,LOCIÓN TÓPICA,,
ÁCIDO BENZOICO + ÁCIDO SALICÍLICO + AZUFRE PRECIPITADO,5 PORCENTAJE + 2 5 PORCENTAJE + 5 PORCENTAJE,CREMA TÓPICA,ACTA NO  26 DE 1998  NUMERAL 2 4 2,11340
ÁCIDO BENZOICO + ÁCIDO SALICÍLICO + OXIDO DE ZINC,6 G + 3 G + 20 G   100 G,UNGÜENTO TÓPICO,,14254
ÁCIDO BENZOICO + IRGASAN,5 PORCENTAJE + 0 1 PORCENTAJE,POLVO PARA USO TÓPICO,,57974
ÁCIDO BENZOICO + ÁCIDO SALICÍLICO + YODO + YODURO DE POTASIO,2 G + 2 G + 1 2 G + 2 4 G   10 ML,SOLUCIÓN TÓPICA,,230469   20031583
ÁCIDO BÓRICO + DMDM HIDANTOINA,0 50 PORCENTAJE + 0 10 PORCENTAJE,GEL TÓPICO,,
ÁCIDO BÓRICO + ÓXIDO DE ZINC,2 PORCENTAJE + 2PORCENTAJE,CREMA TÓPICA,ACTA NO  26 DE 1997  NUMERAL 2 1 6,50529
ÁCIDO CÍTRICO + BICARBONATO DE SODIO + SIMETICONA,38 21 G + 55 14 + 1 G   100 G,GRÁNULOS,,
ÁCIDO CÍTRICO + BICARBONATO DE SODIO + CARBONATO DE MAGNESIO,9 3 G + 0 6 G + 4 2 G   100 ML,SOLUCIÓN ORAL,,23530
ÁCIDO CÍTRICO + BICARBONATO DE SODIO + ÁCIDO TARTARICO,16 4 G + 56 6 G + 27 G   100 G,POLVO Y GRANULADO,,26720   39808   20050806
ÁCIDO CÍTRICO + BICARBONATO DE SODIO + ÁCIDO TARTARICO,28 2 G + 53 5 G + 18 G   100 G,POLVO Y GRANULADO,,229387
ÁCIDO CÍTRICO + BICARBONATO DE SODIO + ÁCIDO TARTARICO,0 8 G + 2 8 G + 1 3 G,POLVO Y GRANULADO,,20021223
ÁCIDO CÍTRICO + BICARBONATO DE SODIO + ÁCIDO TARTARICO,8 1 G + 54 3 G + 37 5   100 G,POLVO Y GRANULADO,,226559
ÁCIDO CÍTRICO + BICARBONATO DE SODIO + ÁCIDO TARTARICO,13 6 G + 47 1 G + 22 5 G   100 G,POLVO Y GRANULADO,ACTA NO  53 DE 2010  NUMERAL 3 1 2 6,28709   20029545
ÁCIDO CÍTRICO + BICARBONATO DE SODIO + ACIDO ACETILSALICILICO,1000 MG + 1700 MG + 325 MG,TABLETA EFERVECENTE,ACTA NO  13 DE 2007  NUMERAL 2 7 17,19905108
ÁCIDO CÍTRICO + BICARBONATO DE SODIO + ACIDO ACETILSALICILICO,1 MG + 1 9 MG + 500 MG,TABLETA EFERVECENTE,ACTA NO 25 DE  2003  NUMERAL 2 3 13,19935550
ÁCIDO CÍTRICO + BICARBONATO DE SODIO + ACIDO ACETILSALICILICO,1 G + 1 9 G + 324 MG,TABLETA EFERVECENTE,,19935551   20047307 28476
ÁCIDO CÍTRICO + BICARBONATO DE SODIO,39 9 G + 53 4 G   100 G,GRANULOS EFERVECENTES,ACTA NO  24 DE 2000  NUMERAL 2 8 2           ACTA NO  20 DE 2001  NUMERO  2 4 5,19908221
ÁCIDO CÍTRICO + BICARBONATO DE SODIO,43 2 G + 46 7  G   100 G,POLVO PARA RECONSTITUIR A SOLUCIÓN ORAL,,28705
ÁCIDO CÍTRICO ANHIDRO + ÁCIDO TARTÁRICO +  BICARBONATO DE SODIO,13 66 G + 22 50 G+  47 160 G   100G,GRÁNULOS EFERVESCENTES,ACTA 53 2010,28709
ÁCIDO CÍTRICO + BICARBONATO DE SODIO + ÁCIDO TARTARICO + SULFATO DE SODIO,10 G + 30 G + 20 G + 20 G   100 G,GRANULOS EFERVECENTES,,31511   20003590
ÁCIDO CÍTRICO + HIDROXIDO DE MAGNESIO,8 G + 2 G   100 ML,SUSPENSIÓN ORAL,,40093
ÁCIDO CÍTRICO + BICARBONATO DE SODIO + CARBONATO DE SODIO,2 1 G + 2 3 G + 0 5 G   5 G,POLVO PARA RECONSTITUIR A SOLUCIÓN ORAL,,19947841
ÁCIDO CÍTRICO + HIDROXIDO DE MAGNESIO + METILPARABENO,0 02 G + 28 G + 0 2 G   100 ML,SUSPENSIÓN ORAL,ACTA NO  58 DE  2009  NUMERAL 2 1 7 12,20031032
ÁCIDO CÍTRICO + CLORURO DE SODIO + CITRATO DE SODIO DIHIDRATO + CITRATO DE POTASIO MONOHIDRATO + DEXTROSA ANHIDRA,369 MG + 205 MG + 98 MG + 216 MG + 2 5 G   100 ML,SOLUCIÓN ORAL,ACTA NO 06 DE 2009  NUMERAL 2 5 1,19978751
ÁCIDO DEHIDROCÓLICO + PANCREATINA + SIMETICONA,100 MG + 150 MG + 80 MG,CAPSULA DURA,ACTA NO  27 DE 2002  NUMERAL 2 4 2           ACTA NO  04 DE 2003  NUMERAL 2 4 1,57225
ÁCIDO ASCÓRBICO + ALCOHOL POLIVINÍLICO + DEXTROSA + EDETATO DI  SÓDICO + FOSFATO DE SODIO DI BÁSICO + FOSFATO DE SODIO MONOBÁSICO + POLI ETILENGLICOL,1 G + 0 9 G + 3 3 G + 0 1 G + 0 12 G + 0 1 G + 0 5 MG,SOLUCIÓN OFTÁLMICA,,
ÁCIDO FÓLICO,0 4 MG,TABLETA,ACTA 31 2013 N  3 5 1,20050550
ÁCIDO FÓLICO,0 8 MG,TABLETA,ACTA 31 2013 N  3 5 1,
ÁCIDO FÓLICO,1 MG,TABLETA,ACTA 31 2013 N  3 5 1,
ACIDO HIALURONICO,1 5MG ML,SOLUCION OFTALMICA,"ACTA 03 DE 2017 N 
3 1 5 2",
ÁCIDO SALICÍLICO,20G  100 G,SOLUCIÓN TÓPICA,,
ÁCIDO SALICÍLICO,0 08,ESPUMA,,
ÁCIDO SALICÍLICO,0 05,LOCIÓN,,
ÁCIDO SALICÍLICO,0 1,LOCIÓN,,
ÁCIDO SALICÍLICO,0 11,LOCIÓN,,
ÁCIDO SALICÍLICO,11 MG 120 ML Y 7 5 PORCENTAJE,CHAMPÚ,,
ÁCIDO SALICÍLICO,5 MG,TABLETA,,
ACIDO SALICÍLICO + ACIDO LÁCTICO,20 PORCENTAJE +  5 PORCENTAJE,SOLUCIÓN,ACTA 16 2009,20003910
ACIDO SALICÍLICO + ACIDO LÁCTICO,0 167G + 0 167  1ML,SOLUCION TOPICA,,38681
ÁCIDO UNDECILÉNICO + UNDECILINATO DE ZINC,2 G + 20 G   100 G,POLVO PARA USO TÓPICO,,
AESCINA,10 5 G,GEL TÓPICO,,37260
AESCINA,300 MG,TABLETA CUBIERTA,ACTA NO  24 DE 2002  NUMERAL 2 5 1,37794
AESCINA,20 MG,TABLETA CUBIERTA,,10264
AESCINA + HEPARINOIDE +SALICILATO DE DIETILAMINA,10 G+0 3 G+5 G,GEL TÓPICO,,
AGUA DE MAR ISOTÓNICA + AGUA PURIFICADA,31 82ML + 68 18ML 100ML,SOLUCIÓN NASAL,ACTA 14 2006 NUMERAL 2 1 1 6,
ALANTOINA,0 2 G   100 ML,CREMA TÓPICA,,46714
ALANTOINA + IRGOSAN + RESORCINONAMONOARETATO + BIO AZUFRE FLUIDO + MENTOL,0 01 G + 0 15 G + 0 5 G + 2 G   100 ML,LOCIÓN,,51165
ALANTOINA + OXIDO DE ZINC + OXIDO DE ZINC + OXIDO DE HIERRO,1 G + 5 G + 5 G + 0 2 G   100 G,CREMA TÓPICA,,19903698
ALCOHOL POLIVINILLICO + POLIETILENGLICOL  + DEXTROSA,9 MG + 5 MG + 33 MG   1 ML,SOLIUCIÓN OFTALMICA,ACTA NO   22 DEL 2001  NUMERAL 2 4 1,54408
ALANTOINA + SOLUCIÓN ALQUITRÁN DE HULLA,0 2 G + 5 0 G   250 ML,EMULSIÓN,,
ALANTOINA + ÓXIDO DE ZINC,1 G + 12 G   100 G,CREMA TÓPICA,,
ALGINATO DE SODIO + HIDROXIDO DE ALUMINIO + HIDROXIDO DE MAGNESIO + BICARBONATO DE SODIO + SIMETICONA,1 5 G + 2 G + 2 G + 1 7 G + 300 MG   100 ML,SUSPENSIÓN ORAL,,20034
ALGINATO DE SODIO,2 5 G   100 ML,SUSPENSIÓN ORAL,,29925   19932163
ALGINATO DE SODIO  + BICARBONATO DE SODIO + SIMETICONA,5 G + 2 6 G + 1 G   100 ML,SUSPENSIÓN ORAL,,56376
ALGINATO DE SODIO  + BICARBONATO DE SODIO  + MAGALDRATO  + SIMETICONA,5G+2 67+8G+1 2G 100ML,SUSPENSION ORAL,ACTA 19 DE 2015 N 3 1 4 2,20088433
ALGINATO DE SODIO  + BICARBONATO DE SODIO,2 5 G + 2 67 G   100 ML,SUSPENSIÓN ORAL,,
ALGINATO DE SODIO  + BICARBONATO DE SODIO,1000MG + 200 MG   10 ML,SUSPENSIÓN ORAL,,
ALGINATO DE SODIO  + BICARBONATO DE SODIO + CARBONATO DE CALCIO,2 5  G + 2 67 G + 1 5 G   100 ML,SUSPENSIÓN ORAL,,
ALGINATO DE SODIO  + BICARBONATO DE SODIO + CARBONATO DE CALCIO,500MG+213MG+325MG 100ML **,SUSPENSIÓN ORAL,,
ALGINATO DE SODIO  + BICARBONATO DE SODIO + CARBONATO DE CALCIO,500MG +  267MG + 160MG   100ML,SUSPENSIÓN ORAL,,
ALGINATO DE SODIO  + BICARBONATO DE SODIO + CARBONATO DE CALCIO,500 MG + 213 MG + 325 MG   10 ML,SUSPENSIÓN ORAL,ACTA NO  02 DE 2011 NUMERAL 3 1 2 11,20027038
ALGINATO DE SODIO  + BICARBONATO DE SODIO + CARBONATO DE CALCIO,250 MG + 133 5 MG + 80 MG,TABLETA MASTICABLE,,
ALGINATO DE SODIO  + BICARBONATO DE SODIO + CARBONATO DE CALCIO,250 MG + 1065 5 MG + 187 5 MG,TABLETA MASTICABLE,,
ALGINATO DE  SODIO + SIMETICONA AL 30 PORCENTAJE,2 5 G + 1 G  100 ML,SUSPENSIÓN ORAL,,
ALCOHOL  ETÍLICO,72 9 ML  100ML,SOLUCION TOPICA,,24954
ALCOHOL  ETÍLICO,73 ML  100ML,SOLUCIÓN TÓPICA,,55439
ALCOHOL  ETÍLICO + GLUCONATO DE CLORHEXIDINA EQUIVALENTE A CLORHEXIDINA,61PORCENTAJE + 1 PORCENTAJE,SOLUCIÓN TÓPICA,,
,70PORCENTAJE + 2PORCENTAJE,SOLUCIÓN TÓPICA,,
ALCOHOL ISOPROPÍLICO + IODO POVIDONA,72PORCENTAJE + 7 5PORCENTAJE,LOCIÓN,ACTA 12 2010,20015794
AMBROXOL,15MG,GOMA EN FORMA DE PASTILLA,,
AMBROXOL,30 MG,CÁPSULAS DE GELATINA BLANDA,,
AMBROXOL,75 MG,CÁPSULA DURA DE LIBERACIÓN PROLONGADA,,
AMBROXOL,300 MG   100 ML,JARABE,,
AMBROXOL,600 MG   100 ML,JARABE,,
AMBROXOL,7 5 MG   ML,SOLUCIÓN ORAL,,
AMBROXOL,20 MG,TABLETA ORODIPERSABLE,,
AMBROXOL,30 MG,TABLETA,,
AMBROXOL,15 MG   SOBRE,GRANULADO O POLVO PARA RECONSTITUIR A SOLUCIÓN ORAL,,
AMBROXOL,0 75 G   100 ML,SOLUCIÓN PARA INHALACIÓN,,
AMLEXANOX,0 05 G,TABLETA,,
AMILMETACRESOL + ALCOHOL 2 4  DICLOROBENCÍLICO + VITAMINA C,0 6 MG + 1 2 MG +  100 MG,TABLETA,,47942
ANTOCIANIDINAS,28 8 MG,CAPSULA,ACTA NO  06 DE 2004  NUMERAL 2 1 3            ACTA NO  24 DE 2004  NUMERAL 2 14 1,19909797   19906346
ANTOCIANIDINAS,60 MG,CAPSULA DURA,ACTA NO  39 DE 2004  NUMERAL 2 13 2,19915479
AMILMETACRESOL + ALCOHOL 2 4  DICLOROBENCÍLICO,0 6 MG + 1 2 MG,TABLETA,,
AMOROLFINA,2 5 PORCENTAJE  5PORCENTAJE,CREMA TÓPICA,,
AMOROLFINA,0 05,LACA   SOLUCIÓN TÓPICA,,
ATAPULGUITA,750 MG,TABLETA,,
AZUFRE + ÓXIDO DE ZINC,3 2 G + 5 4 G   100ML,SUSPENSIÓN TÓPICA,,
AZUFRE PRECIPITADO + ÁCIDO SALICÍLICO,10G + 3G 100G,PASTA DE JABÓN,,
AZUFRE + BORAX,2 G + 0 4 G   100 G,PASTA DE JABÓN,,17320
AZUFRE +  ÁCIDO SALICÍLICO + ÓXIDO DE ZINC + RESORCINA,1 G + 1 G + 2 G + 0 2 G   100 G,POMADA,,27733
AZUFRE + PEROXIDO DE BENZOILO,10 G + 10 G   100 ML,CREMA TÓPICA,ACTA  NO  54 DE 2011  NUMERAL  3 1 7 4,37072
AZUFRE + CARBONATO DE POTASIO,20 G + 10 G   100 G,UNGÜENTO TÓPICO,ACTA  NO 23 DE 2001  NUMERAL 2 3 10,37958
AZUFRE + OXIDO DE ZINC + RESORCINOL + ACEITE ESENCIAL DE EUCALIPTO,5 G + 10 G + 2 G + 1 5 G   100 G,UNGÜENTO TÓPICO,,42701
AZUFRE,10 G   100 G,UNGÜENTO TÓPICO,,19954106
AZUFRE,3 G   100 G,PASTA,,44900
AZUFRE + BORAX + CREOLINA,0 2 G + 0 2 G + 0 5 G  100 G,PASTA DE JABÓN,,45812   45812
AZUFRE + EXTRACTO VEGETAL  HIERBAMORA QUINA ROMERO Y EUCALIPTO + PETROLEO + DERIVADOS DE ALQUITRAN DE HULLA + BORATO DE SODIO,2 G + 21 5 G + 1 4 G + 0 1 G + 1 4 G   85 G,JABÓN LÍQUIDO,,45944
AZUFRE + RESORCINOL,1 G + 2 G   90 G,JABÓN LÍQUIDO,,46969
AZUFRE + BENZOATO DE BENCILO,0 5 G + 0 4 G   100 G,PASTA DE JABÓN,,50649
AZUFRE + RESORCINOL + TRICLOSAN,8 G + 2 G + 0 1 G   100 G,CREMA TÓPICA,,205944   226361
BACILOS LÁCTICO ÁCIDOFILOS,1000 MILLONES 100ML,SOLUCIÓN ORAL,,
BACILLUS CLAUSII,ESPORAS DE BACILLUS CLAUSII 2000 MILLONES,CÁPSULAS,ACTA 30 2008 NUMERAL 2 1 30,
BACILLUS CLAUSII,ESPORAS DE BACILLUS CLAUSII 2000 MILLONES 5ML,SOLUCIÓN ORAL,ACTA 02 2015 N3 1 3 7,20085607 19952942
BENCIDAMINA CLORHIDRATO,0 15G 100ML,SOLUCIION BUCOFARINGEA,,40974  20117483
BENCIDAMINA CLORHIDRATO,30 MG   100ML,SOLUCIÓN TÓPICA BUCAL,,1985130
BENCIDAMINA CLORHIDRATO,0 15 G   100 ML,JABÓN LÍQUIDO,,
BENCIDAMINA CLORHIDRATO,0 3 G   100 ML  0 15G 100ML  100 MG   100 ML,SOLUCIÓN TÓPICA,ACTA NO  07 DE 2011  NUMERAL 3 5 4,43732
BENCIDAMINA CLORHIDRATO,3 MG,TABLETA MASTICABLE,,
BENCIDAMINA CLORHIDRATO,0 5 G   100 G,CREMA VAGINAL,ACTA NO  07 DE 2011  NUMERAL 3 5 2,58248
BENCIDAMINA CLORHIDRATO,0 498 G   9 4 G,POLVO PARA USO TÓPICO,ACTA NO  07 DE 2011  NUMERAL 3 5 3,19970379
BENCIL BENZOATO  TÓPICO,0 25,LOCIÓN,,
BENCIL BENZOATO  TÓPICO,0 3,LOCIÓN,,
BENOXINATO CLORHIDRATO + CETILPIRIDINIO,0 2 MG  + 1 0 MG,TABLETA BUCAL,,
BENCIDAMINA CLORHIDRATO + CETILPIRIDINIO CLORURO,0 3 G + 0 2 G 100 ML,SOLUCIÓN ORAL   TABLETA MASTICABLE,,
BENCIDAMINA CLORHIDRATO + CETILPIRIDINIO CLORURO,0 15G+0 05G 100 ML,SOLUCIÓN ORAL   TABLETA MASTICABLE,,
BENCIDAMINA CLORHIDRATO + CETILPIRIDINIO CLORURO,3 MG + 2 MG,SOLUCIÓN ORAL   TABLETA MASTICABLE,,
BENCIDAMINA CLORHIDRATO + CETILPIRIDINIO CLORURO,3 MG + 1 MG,GRANULADO ORAL,ACTA 19 2018 N3 1 5 3 SEM,20145216
BENZALCONIO CLORURO,0 002,SOLUCIÓN,ACTA NO  22 DE 1998  NUMERAL 2 1 3,26459
BENZALCONIO CLORURO,0 0013,LOCIÓN,,
BENZALCONIO CLORURO,20 MG,TABLETA EFERVECENTE,,
BENZALCONIO CLORURO + BENZOCAÍNA,0 1 G + 3 G   100 ML,SOLUCIÓN TÓPICA,,29200
BENZOCAÍNA,20 MG   ML,SOLUCIÓN ÓTICA,,
BENZOCAÍNA,10 MG,TABLETA MASTICABLE,,
BENZOCAÍNA,0 075,GEL,ACTA NO  26 DE 1998  NUMERAL 2 4 4,217004
BENZOCAÍNA + ANTIPIRINA,10 MG + 50 MG   ML,SOLUCIÓN ÓTICA,,
BENZOCAÍNA + CLORURO DE CETILPIRIDINIO,10  MG + 1 4 MG,TABLETAS MASTICABLE,,
BENZOCAÍNA + DECALINIO CLORURO,15 MG + 0 25 MG,TABLETA,,
BENZOCAÍNA + DIHIDROCLORURO DE CLORHEXIDINA,2 MG + 5 MG,TABLETA MASTICABLE,ACTA NO  26 DE 2006  NUMERAL  2 1 4 9,19954927
BENZOCAÍNA + MENTOL,5 G + 0 5 G   100 G,GEL TÓPICO,,50237
BENZOCAÍNA + CLORURO DE DECUALINO,10 MG + 0 2 MG,TABLETA BUCAL,,50273
BENZOCAÍNA + EUGENOL,7 5 G + 1 G   100 G,GEL TÓPICO,,19928046
BENZOCAÍNA + CLORHEXIDINA GLUCONATO,2 G + 2 G   100 ML,SOLUCIÓN TÓPICA,ACTA NO  41 DE 2012  NUMERAL  3 1 4 9,20062816
BENZOFENONA + OCTIL DIMETIL PABA,3 0 PORCENTAJE + 7 0 PORCENTAJE,CREMA TÓPICA,ACTA NO  70 DE 1996  NUMERAL 2 1 2,50242
BETA CAROTENO + VITAMINA C + VITAMINA E,6 MG + 50 MG + 10 UI,TABLETA,,
BETA CAROTENO + CALORIAS + PROTEINA + CARBOHIDRATO + GRASA + VITAMINA A + VITAMINA D + VITAMINA E + VITAMINA K + VITAMINA B1 + VITAMINA B2 + VITAMINA B6 + ACIDO FOLICO + ACIDO PANTOTENICO + VITAMINA B12 + BIOTINA + TAURINA + L CARNITINA + INOSITOL + CALCIO  + FOSFORO + MAGNESIO + ZINC + HIERRO + COBRE + MANGANESO + YODO + SODIO + POTASIO + CROMO + CROMO + SELENIO + COLINA + NIACINA,0 1 MG + 100 U + 3 G + 12 8 G + 4 2 G + 240 IU + 56 UI + 2 8 IU + 3 AEG + 0 2 MG + 0 2 MG + 0 2 MG + 40 AEG + 1 MG + 0 6 AEG + 30 AEG + 8 MG + 4 MG + 8 MG + 100 MG + 80 MG + 20 MG + 1 5 MG + 1 4 MG + 0 1 MG + 0 2 MG + 12 AEG + 46 MG + 132 MG + 108 MG + 3 AEG +  3 AEG + 3 AEG + 30 MG + 2 MG   100 ML,SUSPENSIÓN ORAL,,207286
BETA CAROTENO,10000 IU,CAPSULA BLANDA,,19915224
BETA CAROTENO + CALORIAS + PROTEINA + CARBOHIDRATO + GRASA + VITAMINA A + VITAMINA D + VITAMINA E + VITAMINA K + VITAMINA C + VITAMINA B1 + RIBOFLAVINA B2 + NIACINA + VITAMINA B6 + ACIDO FOLICO + ACIDO PANTOTENICO + VITAMINA B12 + BIOTINA + COLINA + TAURINA + CALCIO + FOSFORO + MAGNESIO + ZINC + HIERRO + HIERRO + MANGANESO + YODO + SODIO + POTASIO + CLORURO + CROMO + MOLIBDENO + SELENIO,0 8 MG + 100 QS + 3 9 G + 20 8 G + 0 06 G + 358 3 UI + 15 9 UI + 1 6 UI + 2 8 AEG + 7 9 MG + 0 1 MG + 0 1 MG + 1 1 MG + 0 2 MG + 30 7 AEG + 0 8 MG + 0 4 AEG + 23 AEG + 26 AEG + 4 6 MG + 50 9 MG + 101 MG + 15 3 MG + 0 8 MG + 0 6 MG + 0 08 MG + 0 1 MG + 5 8 AEG + 30 MG + 30 MG + 33 MG + 2 4 AEG + 6 7 AEG + 2 4 AEG +,SOLUCIÓN ORAL,,1984363
BICARBONATO DE SODIO,1 415G   2 7G,GRANULADO EFERVESCENTE,ACTA 21 2009,20004932
"BICARBONATO DE
SODIO + ÁCIDO ALGÍNICO",70MG + 200MG,TABLETA MASTICABLE,ACTA 01 2008 NUMERAL 2 1 2 4,
"BICARBONATO DE
SODIO + CAFEÍNA ANHIDRA",2 83G + 0 065G   SOBRE,GRÁNULOS EFERVESCENTES,ACTA 01 2009 NUMERAL 2 1 9,20074606
BICARBONATO DE SODIO + SIMETICONA,2 83 G + 100 MG   6 G,GRÁNULOS EFERVESCENTES,ACTA NO  11 DE 2011  NUMERAL 3 1 2 1,20025154
"BILIS DE BUEY + EXTRACTO DE BOLDO + 
EXTRACTO DE RUIBARDO",0 125G + 5 0G + 2 0G,JARABE,ACTA 26 2009 NUMERAL 2 1 2 1,
BILIS DE BUEY + SULFATO DE SODIO + EXTRACTO FLUIDO DE CASCARA SAGRADA + EXTRACTO FLUIDO DE BOLDO + TINTURA DE RUIBARBO,0 125 G + 2 5 G + 3 33 ML + 2 5 ML + 2 5 ML   100 ML,JARABE,ACTA NO  54 DE 1997  NUMERAL 2 1 3,34148
BILIS DE BUEY EXTRACTO + EXTRACTO FLUIDO DE BOLDO 20 PORCENTAJE + EXTRACTO DE FLUIDO DE CASCARA SAGRADA 20 PORCENTAJE + EXTRACTO FLUIDO DE RUIBARBO 20 PORCENTAJE,9 ML + 10 ML +  5 ML + 3 ML,JARABE,,
BILIS DE BUEY EXTRACTO + SIMETICONA + HIDROLASA + PANCREATINA,25 MG + 40 MG + 50 MG + 175 MG,GRAGEA,,
BILIS DE BUEY EXTRACTO  COLEATO DE SODIO  + FIBRA DE CELULOSA + FIBRA DE MANZANA  + GOMA DE ACACIA + FIBRA DE CÍTRICOS + FIBRA DE AVENA,165 MG + 165 MG + 149 8 MG + 114 2 MG + 40 MG  + 20 MG,TABLETA,,
BILIS DE BUEY + PANCREATINA + SIMETICONA,30 MG +  175 MG + 125 MG,TABLETA,,
BILIS DE BUEY + CASCARA SAGRADA + BOLDO,1 G + 30 G + 15 ML   100 ML,JARABE,,217783
BILIS DE BUEY + CASCARA SAGRADA + BOLDO,2 ML + 4 ML + 2 ML   100 ML,SOLICIÓN ORAL,,22447
BILIS DE BUEY + CONCENTRADO DE ENZIMAS DE ASPEGILUS ORYAE CONTENIENDO  CELULASA + PROTEASA + AMILASA + PANCREATINA + PROTEASA + AMILASA,8 5 U + 4 U + 500 U + 8 5 U + 135 U + 7 6 U,GRAGEAS,,37416
BILIS DE BUEY + CARBON ACTIVADO,750 MG + 133 MG,CAPSULA DURA,,38008
BILIS DE BUEY +  CASCARA SAGRADA  + RUIBARBO,25 G + 15 ML + 10 ML   100 ML,SOLUCIÓN ORAL,,41674
BILIS DE BUEY +  CASCARA SAGRADA  + RUIBARBO,0 6 G + 0 2 MG + 0 05 MG   100 ML,JARABE,ACTA NO  04 DE 2004  NUMERAL  2 3 8,19940788
BILIS DE BUEY +  CASCARA SAGRADA  + RUIBARBO,30 MG + 200 MG + 180 MG,TABLETA CUBIERTA CON PELICULA,,41672
BILIS DE BUEY + SULFATO DE SODIO + EXTRACTO FLUIDO DE CASCARA SAGRADA + TINTURA DE RUIBARBO,0 1 G + 2 5 G + 2 5 ML + 0 3 ML   100 ML,SOLUCIÓN ORAL,,58726
BILIS DE BUEY +  CASCARA SAGRADA,60 MG + 20 MG,TABLETA,ACTA NO  31 DE 2005  NUMERAL 2 9 3,223947
BILIS DE BUEY +  BOLDO  + RUIBARBO,0 1 G + 5 G + 2 G   100 ML,JARABE,8 1 7 0 N20   ACTA 26 DE 2009,20008791
BIFONAZOL,0 01,LOCIÓN,,
BIFONAZOL,0 01,CREMA,,
BIFONAZOL,0 01,GEL,,
BISACODILO,5 MG,GRAGEA   TABLETA RECUBIERTA,,
BISACODILO,10 MG,SUPOSITORIO,,
BROMHEXINA CLORHIDRATO,0 08 G   100  ML,SOLUCIÓN ORAL,,
BROMHEXINA CLORHIDRATO,0 05G 100 ML,SOLUCIÓN ORAL,,
BROMHEXINA CLORHIDRATO,4 MG,TABLETA ORODISPERSABLE,,
BROMHEXINA CLORHIDRATO,4 MG,TABLETA MASTICABLE,,
BROMHEXINA CLORHIDRATO,4 MG,LAMINA,,
BROMHEXINA CLORHIDRATO,4 MG,TABLETA,,
BROMHEXINA CLORHIDRATO,8 MG,TABLETA,,
BROMHEXINA CLORHIDRATO,8 MG,CÁPSULA BLANDA,,
BROMHEXINA CLORHIDRATO,80 MG   100ML  40 MG  100 ML   140 G   100 ML  160 MG   100 ML,JARABE,ACTA NO  25 DE 1996  NUMERAL 2 7 1,35271
BROMHEXINA CLORHIDRATO + GUAYACOLATO DE GLICERILO  GUAFENESINA,0 04 G + 1 G  100 ML,JARABE,,
BROMHEXINA CLORHIDRATO + GUAYACOLATO DE GLICERILO  GUAFENESINA,0 04 G + 2 G  100 ML,JARABE,,
BROMHEXINA CLORHIDRATO + GUAYACOLATO DE GLICERILO  GUAFENESINA,0 08 G +0 04 G  100ML,JARABE,,
BROMHEXINA CLORHIDRATO + GUAYACOLATO DE GLICERILO  GUAFENESINA,0 08 G + 1 2 G 100 ML,JARABE,,
BROMHEXINA CLORHIDRATO + GUAYACOLATO DE GLICERILO  GUAFENESINA,0 08 G + 2 G  100 ML,JARABE,ACTA 14 2018SEM 3 1 13 4,Rad 2016088622
N BUTILBROMURO DE HIOSCINA,10 MG,TABLETA,,
N BUTILBROMURO DE HIOSCINA + IBUPROFENO,20 MG + 400 MG,CÁPSULA BLANDA,,
N BUTILBROMURA DE HIOSCINA + DEXIBUPROFENO,20 MG + 200 MG,TABLETA,,
BUTOXIDO DE PIPERONILO + PERMETRINA,4 G + 1 G   100 ML,SUSPENSIÓN TÓPICA   LOCIÓN TÓPICA,,
CALCIO LACTOBIONATO + GLUCOBIONATO DE CALCIO,5 9 PORCENTAJE + 25 75 PORCENTAJE,JARABE,,
CALCIO + VITAMINA D3 + MAGNESIO,600MG + 200U I + 150MG,TABLETA RECUBIERTA,ACTA 47 2009,213264
CALCIO + VITAMINA D3 + MAGNESIO,200 MG + 400 UI + 50 MG,TABLETA RECUBIERTA,ACTA 37 2010,20019535
CALCIO + VITAMINA D3 + MAGNESIO  + ZINC + MANGANESO + COBRE,600 MG + 400 UI + 50 MG + 7 5 MG + 1 8 MG + 0 5 MG,TABLETA,,
CALCIO + VITAMINA D3 + MAGNESIO  + ZINC + MANGANESO + COBRE,600 MG + 400 UI + 40 MG + 7 5 MG + 1 8 MG + 1 MG,TABLETA,,
CALCIO + VITAMINA D3 + MAGNESIO  + ZINC + MANGANESO + COBRE,250MG + 200UI + 44MG + 7 5MG + 1 8MG + 1MG,TABLETA,ACTA 37 2010,20018423
CASANTRANOL,90MG,TABLETA,,
CARBOCISTEINA,7 5G 100ML,JARABE,A 18 2017N 3 11 1 ACTA 49 2012 LA NORMA 16 5 0 0 N10,12044479
CARBOCISTEINA,2G 100ML,JARABE,,
CARBOCISTEINA,5G 100ML,JARABE,,
CARBOCISTEINA,0 05,SUSPENSION ORAL,ACTA 18 DE 2017 N 3 1 11  RESOLUCION 2015038322  DE 24 09 2015,20081951
CARBOCISTEINA,2 7G,POLVO PARA RECONSTITUIR,ACTA 18 DE 2017 N 3 1 11,20026568
CARBONATO DE CALCIO  ANTIÁCIDO,400 MG,TABLETA,,
CARBONATO DE CALCIO  ANTIÁCIDO,200 MG  400 MG  500 MG  550 MG  750 MG  850 MG  1000 MG,TABLETA MASTICABLE,,
CARBONATO DE CALCIO  ANTIÁCIDO,800 MG,TABLETA EFERVESCENTE,,
CARBONATO DE CALCIO  ANTIÁCIDO,1 5 G   100 ML,SUSPENSIÓN ORAL,,
CARBONATO DE CALCIO + CARBÓN ACTIVADO,250 MG + 200 MG,TABLETA,,
CARBONATO DE CALCIO + LACTOGLUCONATO DE CALCIO,0 15 G + 3 405 G,,,
CARBONATO DE CALCIO + GLUCONOLACTANO  DE CALCIO,0 3 G + 2 940 G,TABLETA,,
CARBONATO DE CALCIO + VITAMINA D3,750 MG + 100 U I,CÁPSULA BLANDA   TABLETA,,
CARBONATO DE CALCIO + VITAMINA D3,600 MG + 200 U I,CÁPSULA BLANDA   TABLETA,,
CARBONATO DE CALCIO + VITAMINA D3,600 MG + 400 U I,TABLETA MASTICABLE   TABLETA EFERVESCENTE,ACTA 23 2006 NUMERAL 2 1 1 14,
CARBONATO DE CALCIO + VITAMINA D3 + ÓXIDO DE ZINC,300MG + 1000UI+7 5MG   5 ML,SUSPENSIÓN ORAL,,
CARBONATO DE SODIO + CLORURO DE SODIO + GLICERINA,0 06 G + 0 009 G + 0 3 G   ML,SOLUCIÓN OTICA,,
CARBONATO DE CALCIO EQUIVALENTES A CALCIO ELEMENTAL + VITAMINA D3 + ISOFLAVONAS DE SOYA EQUIVALENTES A ISOFLAVONAS DE SOYA EQUIVALENTES A ISOFLAVONAS ACTIVAS,1 668 1 MG EQUIVALENTES A 600MG + 6 2 MG  EQUIVALENTES A 400 UI + 210 MG EQUIVALENTES A 80 MG   SOBRE,POLVO EFERVESCENTE PARA ADMINISTRACIÓN ORAL,,
CARBONATO DE CALCIO + CARBONATO DE MAGNESIO + ÓXIDO DE ZINC + SULFATO DE MAGNESIO + TRICLORURO DE CROMO + MOLIBDATO DE POTASIO + SELENIO DE SODIO,321  530 MG + 281 790 MG + 9 370 MG + 3 850 MG + 0 27 MG + 0 10 MG + 0 04 MG + 0 05 MG,TABLETA,,
CARBONATO DE CALCIO + VITAMINA D3 + ÓXIDO DE MAGNESIO + ÓXIDO DE ZINC + SULFATO DE MANGANESO + ÓXIDO CÚPRICO,600 MG + 400 UI + 40 MG + 7 5MG + 1 8 MG + 1 MG,TABLETA,ACTA 11 2010,20014791
CARBONATO DE CALCIO + VITAMINA D3 CRISTALINA + ÓXIDO DE ZINC + GLUCONATO DE MAGNESIO + FOSFATO DE POTASIO DIBÁSICO,300 MG + 400 UI + 7 5 MG + 50 MG  + 70 MG   CADA 5ML,SUSPENSIÓN ORAL,ACTA 54 2010 NUMERAL 3 1 4 9,
CARBONATO DE CALCIO EQUIVALENTE A CALCIO ELEMENTAL + TETRABORATO DE SODIO EQUIVALENTES A BORO + SULFATO CÚPRICO PENTAHIDRATADO EQUIVALENTE A COBRE +  CARBONATO DE MAGNESIO EQUIVALENTES A  MAGNESIO + SULFATO DE MANGANESO EQUIVALENTES A MANGANESO  CITRATO DE ZINC TRIHIDRATO EQUIVALENTES A ZINC +VITAMINA D3,1 684 85 MG EQUIVALENTE A 600MG + 2 75 MG EQUIVALENTES A 250 MCG + 4 322 MG EQUIVALENTE A 1 MG + 141 54 EQUIVALENTES A 40 MG+ 6 09 MG EQUIVALENTES A 1 8 MG + 7 5 MG DE ZINC+ 6 MG EQUIVALENTES 400 U I  SOBRE,POLVO EFERVESCENTE PARA ADMINISTRACIÓN ORAL,,
CARBOXICISTEINA,7 5 G   100 ML,JARABE,,
CARBOXICISTEINA,2 G   100 ML,,,
CARBOXICISTEINA,5 G   100 ML,,,
CARBOXICISTEINA,2 7 G,POLVO PARA RECONSTITUIR A SOLUCIÓN ORAL,,
CARBOXICISTEINA,50 MG   ML  5PORCENTAJE,SUSPENSIÓN ORAL,,
CARBOXICISTEINA  CARBOXIMETILCISTINA  + GUAYACOLATO DE GLICERILO,3 G + 2 G   100 ML,JARABE,ACTA NO  26 DE 1998  NUMERAL 2 3 7,223693
CARBOXICISTEINA  CARBOXIMETILCISTINA  + GUAYACOLATO DE GLICERILO,2 G + 2 G   100 ML,JARABE,,
CARBOXICISTEINA  CARBOXIMETILCISTINA  + GUAYACOLATO DE GLICERILO,3 PORCENTAJE + 2 PORCENTAJE,JARABE,,
CARBOXIMETILCISTINA,2 PORCENTAJE   3 PORCENTAJE   5PORCENTAJE,JARABE,ACTA NO  03 DE 1998  NUMERAL 2 1 1  ACTA NO  03 DE 1998  NUMERAL 2 1 2  ACTA NO  10 DE 1998  NUMERAL 2 15 1   ACTA NO  10 DE 1998  NUMERAL 2 15 2,19994  41678
CARBOXIMETILCELULOSA SÓDICA,5MG   ML,SOLUCIÓN OFTÁLMICA,ACTA 24 2003 N2 1 2,19934541
CARBOXIMETILCELULOSA SÓDICA,10MG   ML,SOLUCIÓN OFTÁLMICA,ACTA 18 2007,203440
CARBOXIMETILCELULOSA SÓDICA  VISCOSIDAD BAJA 7LFPH  + GLICERINA + HIALURONATO DE SODIO  PROTEGIDO MW 2 0   2 6 MDA,5MG + 9MG+ 1MG  ML,SOLUCIÓN OFTÁLMICA,ACTA 09 2018 N 3 1 4 3,20086613
N ACETIL  CISTEÍNA,200 MG   3 G,GRÁNULOS PARA ADMINISTRACIÓN ORAL,,
N ACETIL  CISTEÍNA,200 MG   5 G,GRÁNULOS PARA ADMINISTRACIÓN ORAL,,
N ACETIL  CISTEÍNA,100 MG   5 G,GRÁNULOS PARA ADMINISTRACIÓN ORAL,,
N ACETIL  CISTEÍNA,4 G   100 G,GRÁNULOS PARA ADMINISTRACIÓN ORAL,,
N ACETIL  CISTEÍNA,600 MG *,GRÁNULOS  POLVO EFERVESCENTE,,
N ACETIL  CISTEÍNA,2 G   100 ML,JARABE,,
N ACETIL  CISTEÍNA,4 G   100 ML,JARABE,,
N ACETIL  CISTEÍNA,100 MG,TABLETA EFERVESCENTE,,
N ACETIL  CISTEÍNA,200 MG,TABLETA EFERVESCENTE,,
N  ACETIL CISTEÍNA + DEXTROMETORFANO BROMHIDRATO,2 G + 0 3 G   100 ML,,,
CETILPIRIDINO,0 5 G   100 ML,SOLUCIÓN BUCAL,ACTA 34 2008,19995333
CETRIMONIO BROMURO  HEXADECILTRIMETILAMONIO BROMURO  + LIDOCAÍNA,2MG  + 1MG,TABLETA BUCAL,,
CETIRIZINA CLORHIDRATO  DICLORHIDRATO,10 MG,CÁPSULA BLANDA,ACTA 03 2015 N 3 11 9,
CETIRIZINA CLORHIDRATO  DICLORHIDRATO,10 MG,CÁPSULA BLANDA DE GELATINA MASTICABLE,ACTA 03 2015 N 3 11 9,
CETIRIZINA CLORHIDRATO  DICLORHIDRATO,100 MG   100 ML,JARABE,ACTA 03 2015 N 3 11 9,
CETIRIZINA CLORHIDRATO  DICLORHIDRATO,1 MG   ML,SOLUCIÓN ORAL,ACTA 03 2015 N 3 11 9,
CETIRIZINA CLORHIDRATO  DICLORHIDRATO,10 MG   ML,SOLUCIÓN ORAL,ACTA 03 2015 N 3 11 9,
CETIRIZINA CLORHIDRATO  DICLORHIDRATO,10 MG,TABLETA,ACTA 03 2015 N 3 11 9,
CETIRIZINA CLORHIDRATO  DICLORHIDRATO,10 MG,TABLETA MASTICABLE,ACTA 03 2015 N 3 11 9,
CETIRIZINA  + FENILEFRINA CLORHIDRATO + ACETAMINOFÉN,5 MG + 10 MG + 500 MG,TABLETA,,
CETIRIZINA DICLORHIDRATO + FENILEFRINA CLORHIDRATO + ACETAMINOFÉN,10 0MG + 5 0MG + 500 MG,CÁPSULA DURA,,
CETIRIZINA + FENILEFRINA CLORHIDRATO + IBUPROFENO,3 33 MG + 10 MG + 200 MG,CÁPSULA,ACTA 12 2010,19937061
CETIRIZINA + FENILEFRINA CLORHIDRATO + IBUPROFENO,5MG + 10MG + 200MG,CÁPSULA,ACTA 29 2008 NUMERAL 2 5 14,
CETIRIZINA + FENILEFRINA CLORHIDRATO + IBUPROFENO,5MG + 20MG + 200MG,CÁPSULA,,
CETIRIZINA + FENILEFRINA CLORHIDRATO + IBUPROFENO,5MG + 60MG + 400MG,CÁPSULA,,
CETRIMONIO BROMURO  HEXADECILTRIMETILAMONIO BROMURO  + LIDOCAÍNA,2MG  + 1MG,TABLETA,,
CIPERMETRINA,0 2G   100ML,EMULSION  CHAMPU,ACTA 32 2006 Y ACTA 28 2007 NUMERAL 2 7 52,19954313 226346
CITRATO DE CALCIO TETRAHIDRATADO EQUIVALENTE  A CALCIO ELEMENTAL + ISOFLAVONA DE SOYA + VITAMINA D3,315G + 25MG +  300UI,TABLETA RECUBIERTA,,
CITRATO DE CALCIO TETRAHIDRATADO POLVO  + VITAMINA D3 + ÁCIDO FÓLICO + FUMARATO FERROSO,950MG + 400 IU + 0 4 MG + 18MG,TABLETA RECUBIERTA,,
CLOBUTINOL CLORHIDRATO,0 250 G   100 ML,JARABE,,
CLORHEXIDINA  GLUCONATO   DIGLUCONATO,0 04 G   100 ML,SOLUCIÓN BUCAL,,
CLORHEXIDINA  GLUCONATO   DIGLUCONATO,0 12 G   100 ML,SOLUCIÓN BUCAL,,
CLORHEXIDINA  GLUCONATO   DIGLUCONATO,0 2 G  100 ML,SOLUCIÓN BUCAL,,
CLORHEXIDINA  GLUCONATO   DIGLUCONATO,0 35 G   100 ML,SOLUCIÓN TÓPICA,,
CLORHEXIDINA  GLUCONATO   DIGLUCONATO,0 51 G   100 ML,SOLUCIÓN TÓPICA,,
CLORHEXIDINA  GLUCONATO   DIGLUCONATO,2 3  G   100 ML,SOLUCIÓN TÓPICA,,
CLORHEXIDINA  GLUCONATO   DIGLUCONATO,2 5 G   100 ML,SOLUCIÓN TÓPICA,,
CLORHEXIDINA  GLUCONATO   DIGLUCONATO,4 G   100 ML,SOLUCIÓN TÓPICA,,
CLORHEXIDINA  GLUCONATO   DIGLUCONATO,10 65 G   100 ML,SOLUCIÓN TÓPICA,,
CLORHEXIDINA  GLUCONATO   DIGLUCONATO,15 G   100 ML,SOLUCIÓN TÓPICA,,
CLORHEXIDINA  GLUCONATO   DIGLUCONATO,4 MG,TABLETA MASTICABLE,,
CLORHEXIDINA  GLUCONATO   DIGLUCONATO,0 2 G   100 G,GEL,,
CLORHEXIDINA GLUCONATO + ALCOHOL,0 0007,SOLUCIÓN TÓPICA,ACTA 14 2008 NUMERAL 2 2 1,
CLORHEXIDINA GLUCONATO + ALCOHOL,0 0008,SOLUCIÓN TÓPICA,ACTA 14 2008 NUMERAL 2 2 1,
CLORHEXIDINA GLUCONATO + ALCOHOL,0 02,SOLUCIÓN TÓPICA,ACTA 14 2008 NUMERAL 2 2 1,
CLORHEXIDINA GLUCONATO + ALCOHOL ISOPROPÍLICO,4 PORCENTAJE + 70 PORCENTAJE,SOLUCIÓN TÓPICA,ACTA NO  07 DE 2011  NUMERAL 3 1 7 2,20027737
CLORURO DE SODIO,50 G    100 G,POLVO PARA RECONSTIUIR PARA ADMINISTRACIÓN ORAL,ACTA NO  12 DE 1998  NUMERAL 2 4 1   ACTA NO  88 DE 1996  NUMERAL 2 1 1,49462
CLORURO DE SODIO,9 MG   ML,GOTAS   SOLUCIÓN NASAL,,
CLORURO DE SODIO + CITRATO DE POTASIO + GLUCONATO DE ZINC + GLUCOSA MONOHIDRATO,176 8 MG + 108 2 MG + 2 1 MG + 1 780 G  EQUIVALENTE A 1 618 GLUCOSA ANHIDRA,SOLUCIÓN ORAL,,
CLORURO DE SODIO + CITRATO DE SODIO DIHIDRATO + CLORURO DE POTASIO MONOHIDRATO + GLUCONATO DE ZINC + DEXTROSA ANHIDRA,263 MG + 294MG + 150MG+13 937MG+ 1350MG,SOLUCIÓN ORAL,,
CLORURO DE SODIO + CITRATO DE SODIO DIHIDRATO + CLORURO DE POTASIO MONOHIDRATO +  DEXTROSA ANHIDRA,20 M EQ  + 30 MEQ + 75 M EQ + 75 MEQ 350 MG + 290MG + 150 MG + 2000 MG,POLVO PARA RECONSTITUIR A SOLUCION ORAL,A 34 2018N 3 1 13 4,unificacion
CLORURO DE SODIO + CITRATO DE POTASIO  MONOHIDRATADO  + GLUCONATO DE ZINC + GLUCOSA MONOHIDRATADA  DEXTROSA MONOHIDRATADA  + CITRATO DE SODIO  DIHIDRATADO,207 6 MG + 216 0 MG + 6 1 MG + 2 5G + 94 MG,SOLUCIÓN DE REHIDRATACIÓN ORAL,ACTA 21 2010,20014342
CLORURO DE SODIO + CLORURO DE POTASIO + GLUCONATO DE ZINC + GLUCOSA MONOHIDRATADA  DEXTROSA MONOHIDRATADA  + CITRATO DE SODIO  DIHIDRATADO,175 7 MG + 150 6 MG + 6 MG + 1 188 G + 289 2 MG,SOLUCIÓN DE REHIDRATACIÓN ORAL,ACTA 21 2010,20014342
CLORURO DE SODIO  ORIGEN MARINO,6 5 MG   ML,SOLUCIÓN NASAL,,
CLORURO DE AMONIO,0 02,JARABE,,
CLORURO DE AMONIO + GUAYACOL,3 PORCENTAJE + 2 PORCENTAJE,JARABE,ACTA NO  13 DE 1998  NUMERAL 2 11 5,208413
CLORURO DE POTASIO + CLORURO DE MAGNESIO + CLORURO DE CALCIO,122 66 MG + 15 66 MG + 16 2 MG   100ML,SOLUCIÓN TÓPICA,ACTA 49 2010 NUMERAL 3 1 7 11,
"CLORURO DE POTASIO + CLORURO DE SODIO +
LACTATO DE SODIO SOLUCIÓN AL 50PORCENTAJE P P +  CLORURO DE CALCIO DIHIDRATADO + CLORURO DE MAGNESIO HEXAHIDRATADO + GLUCONATO DE ZINC + DEXTROSA ANHIDRA",149 300MG + 11 700MG + 629 200MG + 29 400MG + 40 800MG + 13 937MG + 4550 000MG   ML,SOLUCIÓN ORAL,ACTA 54 2010,20023842
CLOTRIMAZOL,0 01,POLVO TÓPICO,ACTA NO  49 DE 1996  NUMERAL 2 1 2  A 08 2019,34758
CLOTRIMAZOL,0 01,LOCIÓN,,
CLOTRIMAZOL,0 01,SOLUCIÓN TÓPICA,ACTA NO  49 DE 1996  NUMERAL 2 1 2  ACTA NO  47 DE 1997  NUMERAL 2 3 7,29941  57343 49311
CLOTRIMAZOL,0 01,SUSPENSIÓN PARA AEROSOL,,
CLOTRIMAZOL,1 PORCENTAJE Y  2 PORCENTAJE,CREMA,ACTA NO  49 DE 1996  NUMERAL 2 1 2,56547
CLOTRIMAZOL,1PORCENTAJE Y 2PORCENTAJE,CREMA VAGINAL,ACTA 23 2018 N3 1 13 5 SEM,
CLOTRIMAZOL,100MG,OVULO VAGINAL TABLETA VAGINAL,ACTA 33 2010 NUMERAL 3 1 6 1,
CLOTRIMAZOL,200MG,,A 08 2019N 3 1 13 5,
CLOTRIMAZOL,500MG,,,
CONCHA DE OSTRA GRANULADA + VITAMINA D,1 471 MG EQUIVALENTE A CALCIO ELEMENTAL 500 MG + 125 UI,TABLETA,,
CONDROITINA SULFATO DE SODIO + HIPROMELOSA,1MG + 2MG,SOLUCIÓN OFTÁLMICA,ACTA 23 2009 NUMERAL 2 5 14,20001979
CROTAMITON,0 1,LOCIÓN,,
CROTAMITON,0 0965,LOCIÓN,,
DANTRON 1 8DIHIDROXIANTRACENA9 10DIONE+CASCARA SAGRADA,50MG + 100MG,TABLETA,ACTA 14 DE2015N3 11 3,19904761
DESLORATADINA,50MG  100ML,JARABE,ACTA 14 DE 2017 N 3 5 1  ACTA 18 2017 N  3 11 1,20099035
DESLORATADINA,2 5MG,TABLETA ORODISPERSABLE,ACTA 18 DE 2017 N 3 11 1,norma R06AB04
DESLORATADINA,5MG,TABLETA ORODISPERSABLE,ACTA 18 DE 2017 N 3 11 1,norma R06AB04
DESLORATADINA,5MG,TABLETA,ACTA 18 DE 2017 N 3 11 1,norma R06AB04
DESLORATADINA+FENILEFRINA CLORHIDRATO,2 5MG + 20MG,TABLETA,ACTA 26 2018N 3 5 1 2,
DELTAMETRINA + PIPERONIL BUTÓXIDO,0 2PORCENTAJE + 0 1 PORCENTAJE,LOCIÓN TÓPICA,,
DELTAMETRINA + PIPERONIL BUTÓXIDO,0 02 PORCENTAJE + 0 1 PORCENTAJE,LOCIÓN,ACTA NO  27 DE 1998  NUMERAL 2 13 1,1983232
DEXIBUPROFENO + ACETAMINOFÉN +CAFEINA,200MG+ 250MG + 65 MG,TABLETA,,
DEXIBUPROFENO + FENILEFRINA CLORHIDRATO + LEVOCETIRIZINA DICLORHIDRATO,200MG + 10 MG + 2 5 MG,CÁPSULA DE GELATINA DURA,,
DEXTROMETORFANO BROMHIDRATO,15MG 5ML,JARABE,ACTA 30 2008 NUMERAL 2 1 31,
DEXTROMETORFANO BROMHIDRATO,200MG,TABLETA,ACTA 58 2009 NUMERAL 2 1 7 16,
DEXTROMETORFANO BROMHIDRATO,300MG,TABLETA,,
DEXTROMETORFANO BROMHIDRATO,0 01,SUSPENSIÓN,ACTA 58 2009 NUMERAL 2 1 7 16,
DEXTROMETORFANO BROMHIDRATO,0 02,SUSPENSIÓN,,
DEXTROMETORFANO BROMHIDRATO,0 3 MG 100 ML,JARABE,,
DEXTROMETORFANO BROMHIDRATO,0 2 MG 100 ML,JARABE,,
DEXTROMETORFANO BROMHIDRATO,2MG   ML,JARABE,ACTA NO  07 DE 2000  NUMERAL 2 2 11,95094
DEXTROMETORFANO BROMHIDRATO,11 MG,LAMINAS DISPERSABLES,,
DEXTROMETORFANO BROMHIDRATO,5 5 MG,LAMINAS DISPERSABLES,,
DEXTROMETORFANO BROMHIDRATO + N ACETILCISTEINA,0 300 G + 2 G 100ML,JARABE,,
DEXTROMETORFANO BROMHIDRATO  + GUAFENESINA + CLORHIDRATO DE FENILEFRINA,10MG + 200MG +5MG *,CÁPSULA DE GELATINA BLANDA,,
DEXTROMETORFANO BROMHIDRATO + GUAYACOLATO DE GLICERILO,0 08 G + 2 G   100 ML,JARABE,,
DEXTROMETORFANO BROMHIDRATO + GUAYACOLATO DE GLICERILO,0 1 G + 0 9 G  100 ML,JARABE,,
DEXTROMETORFANO BROMHIDRATO + GUAYACOLATO DE GLICERILO,0 2 G + 1 G   100 ML,JARABE,,
DEXTROMETORFANO BROMHIDRATO + GUAYACOLATO DE GLICERILO,0 2 G + 2 G  100 ML,JARABE,,
DEXTROMETORFANO BROMHIDRATO + GUAYACOLATO DE GLICERILO,0 3 G + 2 G   100 ML,JARABE,,
DEXTROMETORFANO BROMHIDRATO + GUAYACOLATO DE GLICERILO,0 15 G + 1 G  100ML,JARABE,,
DEXTROMETORFANO BROMHIDRATO + GUAYACOLATO DE GLICERILO,0 2 G + 3 G  100 ML,SOLUCIÓN ORAL,,
DEXTROMETORFANO BROMHIDRATO + GUAYACOLATO DE GLICERILO,0 3 G + 2 G   100 ML,SOLUCIÓN ORAL,,
DEXTROMETORFANO BROMHIDRATO + GUAYACOLATO DE GLICERILO,0 5 G + 2 G 100ML,SOLUCIÓN ORAL,,
DEXTROMETORFANO BROMHIDRATO + GUAYACOLATO DE GLICERILO,10MG + 200 MG,CAPSULA BLANDA,,
DICLOFENACO SÓDICO,140MG,PARCHE,,
DICLOFENACO SÓDICO,0 01,GEL,,
DICLOFENACO SÓDICO,0 05,GEL,,
DICLOFENACO SÓDICO,25MG,TABLETA CAPSULA,ACTA 04 2016 NUMERAL 3 11 5,
DICLOFENACO SÓDICO,50MG,TABLETA CAPSULA,,
DICLOFENACO DIETILAMINA,1PORCENTAJE  Y 1 16 PORCENTAJE,GEL TÓPICO,ACTA NO  11 DE 1997  NUMERAL 2 2 2,35521
DICLOFENACO DIETILAMINA,0 01,CREMA,,
DICLOFENACO DIETILAMINA,0 01,UNGÜENTO,,
DICLOFENACO DIETILAMINA,0 01,AEROSOL,A 34 2018N 3 3 3,20123388
DICLOFENACO DIETILAMINA,0 02,GEL OFTÁLMICO,,
DICLOFENACO SÓDICO + SALICILATO DE METILO,0 01,CREMA,ACTA 37 2010,20019715
DICLOFENACO SÓDICO + SALICILATO DE METILO,0 06,CREMA,,
DICLOFENACO DIETILAMONIO EQUIVALENTE A DICLOFENACO SÓDICO,0 01,GEL,ACTA NO  15 DE 1997  NUMERAL 2 2 5,43527
DICOFLENACO + FENILEFRINA + LORATADINA,50 MG + 30 MG + 5 MG,TABLETAS DE LIBERACIÓN CONTROLADA,,
DIMENHIDRINATO,50MG,TABLETA,ACTA NO  24 DE 1996  NUMERAL 2 2 1,49452
DIMENHIDRINATO,50 MG,TABLETA DISPERSABLE,,
DIMETICONA,4PORCENTAJE  100ML,LOCION,ACTA 27 DE 2016 NUMRAL 3 1 6 10,20114972
DIOSMECTITA,3G 3 76G DE POLVO,POLVO PARA RECONSTITUIR A SUSPENSIÓN ORAL,ACTA 01 2007 N2 4 1,226986
DIOSMECTITA,3G 3 76G DE POLVO,POLVO PARA RECONSTITUIR A SUSPENSIÓN ORAL,ACTA 15 2015N 3 13 59,20085387
DOCUSATO DE SODIO,50 MG,TABLETA,,
DOCUSATO DE SODIO,100 MG,CÁPSULA,ACTA NO  02 DE 2011  NUMERAL 3 1 2 4,20020009
ECONAZOL  NITRATO,0 01,CREMA,,
ECONAZOL  NITRATO,0 01,GEL,,
ECONAZOL  NITRATO,0 01,LOCIÓN TÓPICA,,
ESOMEPRAZOL,10MG,CAPSULA,ACTA 18 DE 2017N3 11 1,
ETOFENAMATO,10 G   100 G  10PORCENTAJE,CREMA TOPICA,,
ETOFENAMATO,10 G   100 G  10PORCENTAJE,GEL TOPICO,,
ETOFENAMATO,5 G   100 G  5PORCENTAJE,GEL TOPICO,,
EUCALIPTOL + ALCANFOR + MENTOL + SALICILATO DE METILO,3 6 G + 5 G + 3 G + 5 G   100 G,UNGÜENTO,,
EUCALIPTOL + ALCANFOR + MENTOL + SALICILATO DE METILO,1 2 PORCENTAJE + 5 PORCENTAJE + 2 5 PORCENTAJE  + 3 5 PORCENTAJE,GEL,ACTA 14 2008 NUMERAL 2 1 3,
EUCALIPTOL + ALCANFOR + MENTOL,1 31 G + 5 24 G + 2 8 G   100 G,UNGÜENTO,,
EUCALIPTOL + FLORURO DE SODIO + MENTOL + SALICILATO DE METILO + TIMOL,0 0922 G + 0 0221 G + 0 0425 G + 0 060 G + 0 0639 G   100 ML,SOLUCIÓN BUCAL,,
FAMOTIDINA,10 MG,TABLETA,,
FAMOTIDINA,10 MG,TABLETA DISPERSABLE,,
FAMOTIDINA,10 MG,SUSPENSIÓN ORAL,,
FAMOTIDINA,10 MG,TABLETA MASTICABLE,,
2 FENOXIETANOL + PRAMOXINA CLORHIDRATO,0 5 G + 1 G   100 G,GEL TÓPICO,,
FEXOFENADINA CLORHIDRATO,120MG,TABLETA,ACTA 18 DE 2016  NUMERAL 3 5 1  ACTA 23 2018N3 1 13 7 A 04 2019 3 4 4,1984916
FEXOFENADINA CLORHIDRATO,30MG,TABLETA,ACTA 18 DE 2017N 3 11 1  NORMA FARMACOLOGICA R06AX26,Actualizada 03 11 2017
FEXOFENADINA CLORHIDRATO,60MG,CAPSULA DURA,ACTA 18 DE 2017N 3 11 1  NORMA FARMACOLOGICA R06AX26,Actualizada 03 11 2017
FEXOFENADINA CLORHIDRATO,30MG 5ML,SUSPENSION ORAL,ACTA 18 DE 2017N 3 11 1  NORMA FARMACOLOGICA R06AX26,Actualizada 03 11 2017
FENOL,32 5MG,TABLETAS,,19959755
FENOL,0 014,SOLUCION BUCAL,ACTA NO  8  2016 N  3 5 1,19959755
FENOL+ALCANFOR + MENTOL,0 5PORCENTAJE + 1PORCENTAJE + 0 6PORCENTAJE,BARRA,,19959755
FENOXIMETILPENICLINA POTASICA,554 MG EQUIVALENTE A FENOXIMETILPENICILINA 500 MG,TABLETA CUBIERTA,ACTA 06 DE 2017 N 3 11 1,2016019341
FLUORURO SÓDICO,0 03PORCENTAJE   0 05PORCENTAJE   0 06 PORCENTAJE   Y  0 25PORCENTAJE,ENJUAGUE BUCAL,,
FLUORURO SÓDICO,0 24PORCENTAJE    0 25PORCENTAJE   0 32PORCENTAJE   Y 0 34PORCENTAJE,CREMA DENTAL,,
FLUORURO SÓDICO,5PORCENTAJE Y  0 098PORCENTAJE,SOLUCIÓN,ACTA 25 DE 1996  NUMERAL 2 6 1,
FLUORURO SÓDICO,1 10PORCENTAJE  2 55PORCENTAJE,GEL,,
FOSFATO DE SODIO DIBÁSICO + FOSFATO DE SODIO MONOBÁSICO,6 G + 16 G   100 ML,SOLUCIÓN ORAL,,
FRUCTOOLIGOSACÁRIDOS DE CADENA CORTA  NUTRAFLORA P 95,CADA SOBRE DE 5 8 G DE POLVO FINO SOLUBLE CONTIENE FRUCTOOLIGOSACÁRIDOS DE CADENA CORTA  NUTRAFLORA P 95  5 GRAMOS,POLVO,ACTA 59 2010,20025902
FLURBIPROFENO,8 75MG,TABLETA PARA DISOLUCIÓN BUCAL,A 05 DE 2016 N 3 5 1,20071641 20091945
GLICERINA,1 237G  SUPOSITORIO PEDIATRICO,SUPOSITORIO,ACTA 50 2010 N 3 5 2,20007867
GLICERINA,1 36 G  SUPOSITORIO PEDIATRICO,SUPOSITORIO,ACTA 09 DE 2017N 3 12 10,19967434
GLICERINA,2 39G SUPOSITORIO,SUPOSITORIO,ACTA 09 DE 2017N 3 12 1,19967433
GLICERINA + CARBOXIMETIL CELULOSA SÓDICA  VISCOSIDAD ALTA  + CARBOXIMETIL CELULOSA SÓDICA  VISCOSIDAD MEDIA,9 MG + 1 75 MG + 3  25 MG,SOLUCIÓN OFTÁLMICA,,
GLICERINA+CARBOXIMETILCELULOSA SODICA VISCOSIDAD BAJA 7LFPH,10MG ML+5MG ML,SOLUCION OFTALMICA,ACTA 08 2016 N3 1 6 1,
GLICERINA + CARBOXIMETIL CELULOSA + POLISORBATO 80,1 PORCENTAJE + 05 PORCENTAJE + 0 5 PORCENTAJE,EMULSIÓN OFTÁLMICA,,
GLICERINA + HIDROXIPROPILMETIL CELULOSA + ÁCIDO BÓRICO + BORATO DE SODIO,10MG + 2MG+ 10MG +0 57 MG ML,SOLUCIÓN OFTÁLMICA,,
GLICERINA + POLISORBATO 80,10  MG + 10 MG   ML,SUSPENSIÓN OFTÁLMICA,,
GLICERIL GUAYACOLATO  GUAIFENESINA,2 G   100 ML 1 33 G   100 ML    1 G   100 ML,JARABE,,
GLICERIL GUAYACOLATO  GUAIFENESINA,1200 MG,TABLETA DE LIBERACIÓN PROLONGADA,,
GLICERIL GUAYACOLATO  GUAIFENESINA,600MG,TABLETA DE LIBERACIÓN PROLONGADA,ACTA 41 2009 NUMERAL 2 1 7 3,
GLICERIL GUAYACOLATO  GUAIFENESINA,200MG,CÁPSULAS,ACTA 32 2009 NUMERAL 2 1 7 5,
GLICERIL GUAYACOLATO+ACETILCISTEINA,2 0 G  + 0 67 G 100 ML,JARABE,ACTA NO  13 DE 1998  NUMERAL 2 11 17,209932
GLUCOFURANÓSIDO,5 G   100 G,CREMA TÓPICA,,
GLUCOMANNAN,500 MG,CÁPSULA,ACTA NO  48 DE 1996  NUMERAL 2 2 4,84236
GLUCOMANNAN,500 MG,TABLETA,,
GLUCOSA + CLORURO DE POTASIO + CLORURO DE SODIO + CITRATO DE SODIO DIHIDRATADO,1 080 G + 150 MG + 175 MG + 290 MG   100 ML,SOLUCIÓN ORAL,ACTA 05 2008 NUMERAL 2 1 6 4,
GLUCONATO FERROSO EQUIVALENTE A HIERRO ELEMENTAL + NICOTINAMIDA + PIRIDOXINA CLORHIDRATO  VITAMINA B6  + TIAMINA CLORHIDRATO  VITAMINA B1  + RIBOFLAVINA  VITAMINA B2,200 MG + 111 MG + 58 MG + 21 4 MG + 11 2 MG   100ML,SOLUCIÓN ORAL,ACTA 44 2010,230049
GLUCONATO DE CLORHEXIDINA  AL 20PORCENTAJE,4G,SOLUCION TOPICA  JABON LIQUIDO ANTISEPTICO,NF 13 1 6 0 N10,227035
GOMA GUAR,100 G,POLVO ORAL,,
HEPARINOIDE + AESCINA + SALICILATO DE DIETILAMINA,0 3 G + 1 G   100 G,GEL TÓPICO,,
HEPARINOIDE + HIALURONIDASA,5 000 U H D B  + 15 000 U I,POMADA,,
HIALURONATO DE SODIO,2 MG  ML,SOLUCIÓN OFTÁLMICA,,
HIALURONATO DE SODIO,4MG ML,SOLUCIÓN OFTÁLMICA,,
HIALURONATO DE SODIO+CONDROITIN SULFATO DE SODIO  ORIGEN BOVINO,1MG+1 8MG,SOLUCIÓN OFTÁLMICA,ACTA 07 2015N 3 5 2,20001982
HIALURONATO DE SODIO +POLIETILENGLICOL 400 +PROPILENGLICOL,1 5MG + 4MG + 3MG  ML,SOLUCIÓN OFTÁLMICA,A  05 2016 N 3 1 6 3,20104024
HIDRÓXIDO DE ALUMINIO + HIDRÓXIDO DE MAGNESIO + SIMETICONA,32 50 G + 5 67 G + 1 66 G   100 ML,,,
HIDRÓXIDO DE ALUMINIO + HIDRÓXIDO DE MAGNESIO + SIMETICONA,282 MG + 85 MG +25 MG,TABLETA,,
HIDRÓXIDO DE ALUMINIO + HIDRÓXIDO DE MAGNESIO + SIMETICONA,200 MG + 200 MG +20  MG,CÁPSULA BLANDA,,
HIDRÓXIDO DE ALUMINIO + HIDRÓXIDO DE MAGNESIO + SIMETICONA,8G + 8G + 6G  100ML,SUSPENSION ORAL,ACTA 12 DE 2016  NUMERAL 3 1 9 1,20015060
HIDRÓXIDO DE ALUMINIO + HIDRÓXIDO DE MAGNESIO + BICARBONATO DE SODIO + SIMETICONA,2G + 2G + 1 75 G  + 0 3G   100 ML,SUSPENSIÓN ORAL,,
HIDRÓXIDO DE ALUMINIO + HIDRÓXIDO DE MAGNESIO +  CARBONATO DE CALCIO + SIMETICONA,34 85 G + 22 27 G + 8 2 G + 0 5 G  100 ML,SUSPENSIÓN,,
HIDRÓXIDO DE ALUMINIO + HIDRÓXIDO DE MAGNESIO +  CARBONATO DE CALCIO + SIMETICONA,470 MG + 328 MG + 410 MG + 25 MG,TABLETA,,
HIDRÓXIDO DE MAGNESIO,8 5 G 100 ML,SUSPENSIÓN ORAL,ACTA 17 2009 NUMERAL 2 5 8,
HEXETIDINA,0 001,SOLUCIÓN BUCOFARÍNGEA,,
HIDROCORTISONA  TÓPICO,1PORCENTAJE Y DE 2 A 5PORCENTAJE,CREMA,,
HIDROCORTISONA  TÓPICO,0 1,GEL,,
HIDROCORTISONA  TÓPICO,0 5PORCENTAJE Y 1PORCENTAJE,LOCIÓN,,
HIDROCORTISONA  TÓPICO,0 001,POMADA,,
HIDROXIPROPILMETILCELULOSA  HPMC  + DEXTRAN,3 0 MG + 1 MG   ML,SOLUCIÓN OFTÁLMICA,ACTA 50 2010 A 23 2016 N 3 16 4,19937169
IBUPROFENO,0 05,GEL TÓPICO,ACTA 56 2010,19935239
IBUPROFENO,0 05,SOLUCION EN AEROSOL,ACTA 20 DE 2016 NUMERAL 3 1 5 11,20109802
IBUPROFENO,100 MG,TABLETA,,
IBUPROFENO,2PORCENTAJE Y 4PORCENTAJE,SUSPENSIÓN ORAL,ACTA NO  42 DE 1997  NUMERAL 2 2 2,25232
IBUPROFENO,2 G 100 ML,SUSPENSIÓN ORAL,ACTA NO  03 DE 2000  NUMERAL 2 8 1,39979
IBUPROFENO,100MG 5ML,SUSPENSIÓN ORAL,A 37 2018N 3 1 3 2 A37 2018N3 1 3 2,20152079
IBUPROFENO,50MG  100MG  150MG  200MG  300MG,GRANULADO,ACTA 17 2018 SEM,20134161
IBUPROFENO,200 MG Y 400 MG,,ACTA NO  06 DE 1996  NUMERAL 2 1 7,39385
IBUPROFENO,200 MG Y 400 MG,TABLETA RECUBIERTA,,
IBUPROFENO,200 MG Y 400 MG,GRAGEA,,
IBUPROFENO,,CÁPSULA BLANDA,,
IBUPROFENO,10MG,TABLETA MASTICABLE,ACTA 12 2015 N 3 1 2 2,20091867
IBUPROFENO + N BUTIL BROMURO DE HIOSCINA,200MG + 10MG,TABLETA CUBIERTA CON PELÍCULA  CAPSULA BLANDA,,
IBUPROFENO + N BUTIL BROMURO DE HIOSCINA,400MG + 20MG,TABLETA CUBIERTA CON PELÍCULA  CAPSULA BLANDA,,
IBUPROFENO + DIFENHIDRAMINA,400 MG + 25MG,TABLETA,,
IBUPROFENO + DIFENHIDRAMINA,400 MG + 25MG,CÁPSULA BLANDA,,
IBUPROFENO + CAFEÍNA,200 MG + 30 MG,TABLETA,,
IBUPROFENO + CAFEÍNA,400 MG + 65 MG,TABLETA,,
IBUPROFENO + CAFEÍNA + HIOSCINA,200 MG + 30 MG + 10 MG,CÁPSULA BLANDA,ACTA 02 2009 NUMERAL 2 2 15,
IBUPROFENO+CLORFENIRAMINA MALEATO + FENILEFRINA CLORHIDRATO + DEXTROMETORFANO BROMOHIDRATO,400MG+4MG+10MG+20MG,CÁPSULA BLANDA,ACTA 02 2015 N3 1 4 4,20085357
IBUPROFENO+CLORFENIRAMINA MALEATO + FENILEFRINA CLORHIDRATO + DEXTROMETORFANO BROMOHIDRATO,400MG+4MG+25MG+30MG,CAPSULA BLANDA,A 34 2018N 3 1 4 2,20150501
IBUPROFENO+FENILEFRINA CLORHIDRATO + DIFENHIDRAMINA CORHIDRATO+ DEXTROMETORFANO CLORHIDRATO,400MG+10MG+25MG+20MG,CAPSULA BLANDA,A 25 DE 2016 N 3 1 4 5,20100485
ICTAMOL  + ÓXIDO DE ZINC,1 G + 20 G   100 G,EMULSIÓN TÓPICA,,
ICTAMOL  + ÓXIDO DE ZINC,1 5  G + 15 G   100 G,EMULSIÓN TÓPICA,,
ICTAMOL  + ÓXIDO DE ZINC,1 G + 15 G   100 G,POMADA,,
ICTAMOL  + ÓXIDO DE ZINC,1 G + 20 G   100 G,POMADA,,
ICTAMOL  + ÓXIDO DE ZINC,1 G + 40 G   100 G,UNGÜENTO TÓPICO,,
ISOFLAVONAS DE SOYA,"166 66000MG DE EXTRACTO DE ISOFLAVONAS DE SOYA AL 15PORCENTAJE  EQUIVALENTE A 25MG DE
ISOFLAVONAS",TABLETA RECUBIERTA,ACTA 33 2007,19962504
"ISOFLAVONAS  + CARBONATO DE
CALCIO  + VITAMINA D",40 MG +  200 MG +  150 UI,TABLETA RECUBIERTA,ACTA 16 2010,20016406
ITRACONAZOL,1G 100ML,SOLUCION ORAL,A 08 2018N3 1 13 4,
KETOCONAZOL,0 02,CREMA,,32309  34180   34424  38595  39111       42512       42689      44513       44676      45828      47368       49883      50629      55292       57686      57712      58135      60203      208784      214657       19926107    19950545 SFM            19961652      19965517  SFM         19990134      19994392     20018446     20024240     20066094  SFM
KETOCONAZOL,0 005,CHAMPÚ,,7666  1PORCENTAJE  21647  1PORCENTAJE    12448  2PORCENTAJE   41227  2PORCENTAJE     43299  2PORCENTAJE    49318  2PORCENTAJE   51662  2PORCENTAJE   51677  2PORCENTAJE   53033  2PORCENTAJE    54094  2PORCENTAJE   57139  2PORCENTAJE   57215  2PORCENTAJE   58055  2PORCENTAJE    58474  1PORCENTAJE  Sin FM      213612  2PORCENTAJE  228338  2PORCENTAJE   230463  0 5PORCENTAJE        19901874  2PORCENTAJE          19902578  1PORCENTAJE          19912789  1PORCENTAJE SFM           19919875  2PORCENTAJE           19931135     19946990  2PORCENTAJE SFM       19954819  2PORCENTAJE               19965459  2PORCENTAJE SFM       19980603      20029075      20048714  2PORCENTAJE SFM       20048715  1PORCENTAJE SFM
KETOCONAZOL,0 01,CHAMPÚ,,
KETOCONAZOL,0 02,CHAMPÚ,,
KETOCONAZOL,0 01,POLVO TÓPICO,,40466      213188  1PORCENTAJE
KETOCONAZOL,0 02,POLVO TÓPICO,,
KETOCONAZOL,0 01,SOLUCIÓN TÓPICA,,42014       47240      47528       47721        19956332     19974129
KETOCONAZOL,0 02,UNGÜENTO TÓPICO,,51936
KETOPROFENO,50 MG,TABLETA,,41359
KETOPROFENO,50 MG,CÁPSULA DURA,,23248       205092
KETOPROFENO,50 MG,CÁPSULA BLANDA,,19902945      19903626
KETOPROFENO,50 MG,GRÁNULOS,,51062
KETOPROFENO,25 MG,TABLETA,,43670         214105
KETOPROFENO,50 MG,CREMA,,
KETOPROFENO,2  5 PORCENTAJE,GEL TÓPICO,ACTA NO  47 DE 1997  NUMERAL 2 3 8,11699        41857  SFM     42605  SFM    45798       58062       206909  SFM    208165  SFM      19917701  42605
KETOPROFENO,0 025,ESPUMA TÓPICA EN AEROSOL,ACTA 10 DE 2016  NUMERAL 3 1 5 6,
LACTASA,9000 UNIDADES,TABLETA MASTICABLE,ACTA 15 2008 NUMERAL 2 4 2  Y ACTA 28 2008 NUMERAL 2 5 5,
LACTOBACILLUS ACIDOFILOS,17G 100G,POLVO PARA RECONSTITUIR A SUSPENSIÓN ORAL,,19941145  SFM
LACTOBACILLUS ACIDOFILOS,170 MG DE LIOFILIZADO TINDALIZADO EQUIVALENTE A 5000 MILLONES DE BACILOS LÁCTICOS ÁCIDO FILOS LIOFILIZADOS,CAPSULA DURA,,
LACTOBACILLUS ACIDOFILOS  BACILOS LACTICOS ACIDOFILOS VIVOS,CADA 100 ML DE SOLUCIÓN CONTIENE 1000 MILLION CFU,SOLUCIÓN ORAL,,225199  SFM
LACTOBACILLUS ACIDOPHILUS + BIFIDOBACTERIUM INFANTIS,10 CFU G + 10 CFU G,CÁPSULA DURA,,33151
BIFIDOBACTERIUM LONGUM + LACTOBACILLUS RHAMNOSUS + LACTOBACILLUS ACIDOPHILUS,400 MILLONES + 400 MILLONES + 1 200 MILLONES  CFU,CÁPSULA,ACTA 37 2009,19996514
LACTOBACILLUS CASEI DG,8 BILLONES DE CÉLULAS VIVAS Ó 24 BILLONES DE CÉLULAS VIVAS EN CADA CAPSULA O SOBRE DE 3G,CÁPSULA DURA Y GRANULADO EN POLVO PARA RECONSTITUIR A SOLUCIÓN ORAL,ACTA NO  59 DE 2012  NUMERAL 3 1 3 5,20052820
LACTOBACILLUS CASEI  LACTOBACILLUS RHAMNOSUS  STREPTOCOCCUS THERMOPHILUS  BIFIDOBACTERIUM BREVE  LACTOBACILLUS ACIDOPHILUS  BIFIDOBACTERIUM INFANTIS  LACTOBACILLUS BULGARICUS,1 X 109 UFC SACHET,POLVO PARA DISOLUCIÓN,ACTA 27 DE 2016 NUMERAL 3 1 3 6,20114360
LACTOBACILLUS CASEI DG + INULINA,8 BILLONES DE CÉLULAS VIVAS DE LACTOBACILLUS CASEI POR SOBRE DE 5G Y 4 G DE INULINA,GRANULADO EN POLVO PARA RECONSTITUIR A SOLUCIÓN ORAL,ACTA NO  59 DE 2012  NUMERAL 3 1 3 6,20053060
LACTOBACILLUS RHAMNOSUS ROSELL + LACTOBACILLUS ACIDOPHILLUS ROSELL,1 9 BILLONES + 0 1 BILLONES,CÁPSULA,ACTA 52 2009,20010906
"LACTOBACILLUS SALIVARIUS  BIFIDOBACTERIUM INFANTIS  BIFIDOBACTERIUM LONGUM  BIFIDOBACTERIUM LACTIS  LACTOBACILLUS ACIDOPHILUS  LACTOBACILLUS PLANTARUM  LACTOBACILLUS PARACASEI 
STREPTOCOCCUS FAECIUM  LACTOCOCCUS LACTIS","CADA SOBRE DE 1 950G Y 1 450G CONTIENEN  0 56X 10⁹ DE LACTOBACILLUS SALIVARIUS  BIFIDOBACTERIUM INFANTIS 
BIFIDOBACTERIUM LONGUM  BIFIDOBACTERIUM LACTIS  LACTOBACILLUS ACIDOPHILUS  LACTOBACILLUS PLANTARUM  LACTOBACILLUS PARACASEI 
STREPTOCOCCUS FAECIUM  LACTOCOCCUS LACTIS 5 X 10⁹ UFC  SOBRE",GRANULADO EN POLVO PARA RECONSTITUIR A SOLUCIÓN ORAL,ACTA 208 2007 NUMERAL 2 1 2 3,
LAURIL ÉTER SULFATO DE SODIO + COMPLEJO YODO + POLIETOXI ETANOL POLIPROPOXI,4 6 G + 1 55 G + 2 0 G   100 ML,JABÓN LÍQUIDO,ACTA NO  23 DE 2004  NUMERAL 2 4 4,19943097
LEVOCETIRIZINA,5MG,CAPSULA BLANDA,ACTA 18 DE 2017N3 11 1  NORMA R06AE09 ACTA  26 DE 2018 N3 1 13 1,
LEVOCETIRIZINA,0 1G 100ML,JARABE,ACTA 18 DE 2017N3 11 1  NORMA R06AE09 ACTA  26 DE 2018 N3 1 13 1,
LEVOCETIRIZINA,0 2G 100ML,JARABE,ACTA 18 DE 2017N3 11 1  NORMA R06AE09 ACTA  26 DE 2018 N3 1 13 1,
LEVOCETIRIZINA,0 5G 100ML,JARABE,ACTA 18 DE 2017N3 11 1  NORMA R06AE09 ACTA  26 DE 2018 N3 1 13 1,
LEVOCETIRIZINA,5MG ML,SOLUCION ORAL  GOTAS,ACTA 18 DE 2017N3 11 1  NORMA R06AE09 ACTA  26 DE 2018 N3 1 13 1,
LEVOCETIRIZINA,5MG,TABLETA,ACTA 18 DE 2017N3 11 1  NORMA R06AE09 ACTA  26 DE 2018 N3 1 13 1,
LEVOCETIRIZINA,5MG,TABLETA ORODISPERSABLE,ACTA 18 DE 2017N3 11 1  NORMA R06AE09 ACTA  26 DE 2018 N3 1 13 1,
LEVONORGESTREL,1 5MG,TABLETA,ACTA 04 DE 2016 NUMERAL 3 11 5,
LEVONORGESTREL,0 75MG,TABLETA,"ACTA  11 DE 2016  NUMRAL 
3 12 4",19989785
LIDOCAÍNA,0 0055,SOLUCIÓN TÓPICA,ACTA 19 2008 NUMERAL 2 2 5,
LIDOCAÍNA + PRILOCAINA,2 5 G + 2 5 G   100 G,GEL,ACTA NO  46 DE 2009  NUMERAL 2 1 5 2,20014769
LIDOCAÍNA + PRILOCAINA,2 5 G + 2 5 G   100 G,CREMA TÓPICA,ACTA NO  61 DE 2012  NUMERAL 3 5 2,218965
LIDOCAINA+TRIPAFLAVINA,5 493 MG + 0 418 MG ML,SOLUCIÓN BUCAL,ACTA NO  15 DE 1998  NUMERAL 2 11 2  ACTA NO  19 DE 2008  NUMERAL 2 2 5,40023
LIDOCAINA+TRIPAFLAVINA,0 55G + 0 04G   100ML,SOLUCIÓN TÓPICA,ACTA 19 2008 NUMERAL 2 2 5,
LIDOCAINA + CLORURO DE CETILPIRIDINIO,1MG+2MG,TABLETA PARA DISOLVER EN LA BOCA,A 03 DE 2016 N 3 1 4 6,20101043
LOPERAMIDA,2 MG,TABLETA,,
LOPERAMIDA,2 MG,CÁPSULA,,
LOPERAMIDA,40 MG   100 ML,SUSPENSIÓN ORAL,,
LORATADINA,10MG TAB,TABLETA,ACTA 19 DE 2015 N3 5 2,28783 37116
LORATADINA,10MG TAB,TABLETA DISPERSABLE,ACTA 19 DE 2015 N3 5 2,
LORATADINA,10MG TAB,TABLETA EFERVESCENTE,ACTA 19 DE 2015 N3 5 2,
LORATADINA,100MG 100ML,JARABE,ACTA 19 DE 2015 N3 5 2,34199
LORATADINA,10 MG  CAPSULA,CAPSULA DE GELATINA BLANDA,ACTA 05 DE 2017 N 3 1 5 2,20119093
MAGALDRATO + SIMETICONA,800 MG + 60 MG   10ML,SUSPENSION ORAL,ACTA 05 DE 2017 N 3 1 6 5,20119535
MAGALDRATO AL 10PORCENTAJE + DIMETICONA AL 30PORCENTAJE  EQUIVALENTE A DIMETILPOLISILOXANO,8 G+ 1G 100ML,GEL **,ACTA 14 DE 2017 N 3 5 2,20087447
MEBEVERINA CLORHIDRATO,135MG TAB,TABLETA RECUBIERTA,ACTA 14 2014N3 5 1,20090751
MENTOL,0 035,GEL,ACTA 53 2010,20024515
MENTOL,0 1,SPRAY,A 14 2015 N3 1 5 2,20093324
MICONAZOL NITRATO,0 02,CREMA,ACTA NO  38 DE 1999  NUMERAL 2 3 1,36272
MICONAZOL NITRATO,0 02,LOCIÓN,ACTA NO  02 DE 2000  NUMERAL 2 1 1,215517
MICONAZOL NITRATO,0 02,POLVO,,
MICONAZOL NITRATO,0 02,UNGÜENTO,,19939484
MICONAZOL NITRATO,0 02,POLVO PARA USO TÓPICO,ACTA NO  15 DE 2003,19944537
MICONAZOL NITRATO,0 02,SOLUCIÓN TÓPICA,ACTA NO  38 DE 1999  NUMERAL 2 3 1,43139
MINOXIDIL,2PORCENTAJE   5 PORCENTAJE,SOLUCIÓN TÓPICA   LOCIÓN,ACTA NO  35 DE 1997  NUMERAL 2 3 11  ACTA NO  05 DE 2002  NUMERAL 2 2 1  ACTA NO  66 DE 1997  NUMERAL 2 13 4,28457  29214  29473  32112  54223  58436   19903008  19990803  19951467  19991058  20019036  20019037  20056739  20056743  20059664  20059951 32535 FM  37665 FM  41907 FM  42990 FM  53442 FM  55542 FM  57792 FM  204556 FM  19933783 FM
MINOXIDIL,2PORCENTAJE   5 PORCENTAJE,GEL,,19906898
MINOXIDIL,0 02,CREMA TÓPICA,,19999416  29215 FM  32536 FM
MINOXIDIL,0 05,ESPUMA TÓPICA EN AEROSOL,,
MINOXIDIL,0 01,LOCIÓN,,22863
MINOXIDIL,0 01,EMULSIÓN,,58800
MIRISTATO DE ISOPROPILO,50G 100G,LOCION,ACTA 19 2018 N 3 1 4 2 SEM,20145222
NAFAZOLINA CLORHIDRATO,0 125MG ML,SOLUCION OFTALMICA,,
NAFAZOLINA CLORHIDRATO,0 5MG ML,SOLUCION OFTALMICA,,
NAFAZOLINA CLORHIDRATO,1MG ML*,SOLUCION OFTALMICA,ACTA 17 2015N3 5 1 YA03 2015N3 11 9,19985533
NAFAZOLINA CLORHIDRATO,1 2MG ML,SOLUCION OFTALMICA,,
NAFAZOLINA NITRATO,1MG ML,SOLUCION OFTALMICA,,
NAPROXENO SÓDICO,MENOR O IGUAL A 250MG,TODAS,ACTA 18 DE 2016  NUMERAL 3 12 11,19927831
NAPROXENO SÓDICO,275 MG O MENOR,TABLETA,ACTA NO  49 DE 1997  NUMERAL 2 4 2,17145  207645
NAPROXENO SÓDICO,275 MG,CÁPSULA BLANDA,,
NAPROXENO SÓDICO,250 MG,CÁPSULA DURA,,31191
NAPROXENO SÓDICO,0 1,GEL TÓPICO,,
NAPROXENO SÓDICO + ACETAMINOFÉN,275 MG +  300 MG,TABLETAS,ACTA 46 2009 NUMERAL 2 1 4 2,
NAPROXENO SÓDICO + ACETAMINOFÉN,125 MG + 100 MG   5 ML,POLVO PARA RECONSTITUIR A SUSPENSIÓN ORAL,ACTA 46 2009 NUMERAL 2 1 4 2,
NAPROXENO SÓDICO + N BUTILBROMURO DE HIOSCINA,242 MG + 10 MG,TABLETA,,
NAPROXENO + ACETAMINOFEN + CAFEINA,250MG +  325MG + 65MG,CÁPSULA BLANDA,A  05 DE2016 N  3 1 5 1,20104221
NICOTINA,2 MG Y 4 MG,GOMA DE MASCAR,,
NICOTINA,0 83 MG   CM2  36 MG   CM2  78 MG   15 CM2 Y 114 MG   22 CM2,PARCHE,,
NICOTINA,2 MG Y 4 MG,TABLETA   PARA DISOLVER EN LA BOCA,,
NICOTINAMIDA  + PIRIDOXINA CLORHIDRATO + RIBOFLAVINA + TIAMINA CLORHIDRATO,50 MG + 20 MG + 10 MG + 10 MG,TABLETA,,
NICOTINAMIDA  + PIRIDOXINA CLORHIDRATO + RIBOFLAVINA + TIAMINA CLORHIDRATO,20 MG + 20 MG +3 MG + 10 MG,TABLETA,,
NIMESULIDA,2 G   100 G  2PORCENTAJE,GEL,ACTA 11 2010,20015882
NISTATINA,10 000 000UI 100G,CREMA TOPICA,A 09 2019 N 3 1 13 1,unificacion
NISTATINA + ÓXIDO DE ZINC,100 U + 2 PORCENTAJE,CREMA TÓPICA,,226567
NISTATINA + ÓXIDO DE ZINC,100 U + 2 PORCENTAJE,UNGÜENTO,,
NISTATINA + ÓXIDO DE ZINC,2 272 PORCENTAJE + 40 PORCENTAJE,CREMA,,
NITRATO DE ISOCONAZOL,0 01,CREMA TÓPICA,ACTA NO  12 DE 2000  NUMERAL 2 2 2,48632
NITRATO DE ISOCONAZOL,0 01,LOCIÓN TÓPICA,ACTA NO  12 DE 2000  NUMERAL 2 2 2,51431
NITRATO DE POTASIO,0 05,SOLUCIÓN BUCAL,ACTA 23 DE 2015 N3 11 5,37250
NONOXINOL,168 MG,ÓVULOS,ACTA NO  49 DE 1997  NUMERAL 2 4 6,41791
NOSCAPINA,5G 100 ML,SOLUCIÓN ORAL,,
N BUTILBROMURO DE HIOSCINA,10 MG,TABLETA,,
N BUTILBROMURO DE HIOSCINA,10 MG,GRAGEAS,,
N BUTILBROMURO DE HIOSCINA,10 MG ML,SOLUCIÓN ORAL,,
0  B HIDROXIETIL  RUTÓSIDOS,500 MG Y 1000 MG,TABLETAS EFERVESCENTES,,
OMEPRAZOL,10 MG,CÁPSULA,,
OXICONAZOL,0 01,CREMA,ACTA NO  06 DE 2000  NUMERAL 2 1 1,34280
OXICONAZOL,0 01,POLVO TÓPICO,,
OXICONAZOL,0 01,LOCIÓN TÓPICA,,
ÓXIDO DE ZINC,0 25,PASTA,ACTA 53 2009 NUMERAL 2 1 7 1,
ÓXIDO DE ZINC,0 25,UNGÜENTO,ACTA 54 2010,19905462
ÓXIDO DE ZINC,0 2,CREMA,,
ÓXIDO DE ZINC,12 G,POMADA,,
OXIMETAZOLINA CLORHIDRATO,0 5MG ML,SOLUCION NASAL,ACTA 19 DE 2015 N 3 5 1,29916
OXIMETAZOLINA CLORHIDRATO,0 25 MG   ML  0 025PORCENTAJE,SOLUCION OFTALMICA,ACTA 03 DE 2015 N 3 11 9,200906491
PANCREATINA + DIMETILPOLISILOXANO,400 MG + 40 MG,GRAGEAS,ACTA NO  07 DE 2011  NUMERAL 3 1 7 3,
PANCREATINA  + SIMETICONA,170 MG + 80 MG       300 MG + 100 MG,GRAGEA    TABLETA GRANULADO   ORAL,,
PANCREATINA  + SIMETICONA + HEMICELULOSA,175 MG + 25 25 MG + 50 MG,GRAGEA,,
PANCREATINA + POLVO SECO DE SILICONA,8 6 G + 15 5 G,GRANULADO PARA RECONSTITUIR  ADMINISTRACIÓN ORAL,,
PARACETAMOL + MALEATO DE CLORFENIRAMINA,500 MG + 2 MG,TABETA RECUBIERTA,ACTA 10 2015 N3 1 4 4,20083787
PENCICLOVIR,1G 100G,CREMA TOPICA,A 03 2015 N3 11 9,19994864
PERMETRINA,1 G 100 ML,EMULSIÓN  CHAMPOO,ACTA NO  26 DE 1998  NUMERAL 2 14 1,39826
PERMETRINA + PIPERONIL BUTÓXIDO,1 G + 4 G   100 ML,SOLUCIÓN TÓPICA,,
PEROXIDO DE HIDRÓGENO + UREA,0 065G + 0 065G ML,SOLUCION OTICA,ACTA 04 DE 2016 N3 10 5,
PERÓXIDO DE BENZOILO,5 G 100ML,LOCIÓN TÓPICA,ACTA 18 DE 2017 N 3 11 1,19990273
PERÓXIDO DE BENZOILO,10G 100ML,LOCIÓN TÓPICA,ACTA 18 DE 2017 N 3 11 1,
PERÓXIDO DE BENZOILO,15G 100ML,LOCIÓN TÓPICA,ACTA 18 DE 2017 N 3 11 1,
PERÓXIDO DE BENZOILO,0 025,GEL,ACTA 18 DE 2017 N 3 11 1,
PERÓXIDO DE BENZOILO,0 04,GEL,ACTA 18 DE 2017 N 3 11 1,
PERÓXIDO DE BENZOILO,0 05,GEL,ACTA 18 DE 2017 N 3 11 1,
PERÓXIDO DE BENZOILO,0 1,GEL,ACTA 18 DE 2017 N 3 11 1,
PERÓXIDO DE BENZOILO,5 G   100 G,PASTA DE JABÓN,,
PERÓXIDO DE BENZOILO,0 025,CREMA,ACTA 18 DE 2017 N 3 11 1  NORMA D10AE01,
PERÓXIDO DE BENZOILO,0 05,CREMA,ACTA 18 DE 2017 N 3 11 1  NORMA D10AE01,
PERÓXIDO DE BENZOILO,0 1,CREMA,ACTA 18 DE 2017 N 3 11 1  NORMA D10AE01,
PERÓXIDO DE BENZOILO,20 83G 100G,ESPUMA TÓPICA EN AEROSOL,,
PETROLATO BLANCO,100 G,UNGÜENTO TÓPICO,,
PICOSULFATO DE SODIO,33 34MG DE PICOSULFATO DE SODIO +  28 22G DE ACEITE MINERAL 100ML,EMULSIÓN ORAL,,
PICOSULFATO DE SODIO,2 5 MG,CÁPSULA BLANDA,,
PICOSULFATO DE SODIO,5 MG,TABLETA,,
PICOSULFATO DE SODIO,7 5 MG   ML,SOLUCIÓN ORAL  GOTAS,,
PIDOLATO DE CALCIO,3 704 G EQUIVALENTE A 500  MG   8 G,GRÁNULOS,,
PIRANTEL EMBONATO,250 MG,CÁPSULA BLANDA,,
PIRANTEL EMBONATO,5 G   100 ML   250 MG   5 ML,SUSPENSIÓN ORAL,,
PIRANTEL EMBONATO,250 MG,TABLETA MASTICABLE,,
PIRANTEL EMBONATO,250 MG,TABLETA,,
PIRIDOXINA CLORHIDRATO,50 MG,TABLETA,,
PIROXICAM,0 005,GEL TÓPICO,ACTA NO  62 DE 1996  NUMERAL 2 2 8,52794
PIROXICAM,0 01,GEL TÓPICO,ACTA 23 2018 N 3 1 13 6  SEM,35873
POLISULFATO DE MUCOPOLISACÁRIDO,25000 UI   100 G  SUSTANCIA DE COMPARACIÓN  HEPARINA DEL ESTÁNDAR INTERNACIONAL  25000 U I,GEL TÓPICO,,
POLISULFATO DE MUCOPOLISACÁRIDO,25000 UI   100 G  DETERMINADAS MEDIANTE EL TIEMPO DE TROMBOPLASTINA PARCIAL ACTIVADA  TTPA  0 30000 G,CREMA TÓPICA,,
POLISULFATO DE MUCOPOLISACÁRIDO,25000 UI   100 G  DETERMINADAS MEDIANTE EL TIEMPO DE TROMBOPLASTINA PARCIAL ACTIVADA  TTPA  0 30000 G,CREMA TÓPICA,,
POLIVINIL ALCOHOL + POVIDONA,14 MG + 6 MG   ML,SOLUCIÓN OFTÁLMICA,,
POLIVINILPIRROLIDONA,50 MG   ML,SOLUCIÓN OFTÁLMICA,ACTA NO  50 DE 1997  NUMERAL 2 6 1,209677
POLOXAMER 407,2 G   100 ML,SOLUCIÓN OFTÁLMICA,,
PRAMIVERINA,2 MG,TABLETA,,
PRAMIVERINA + ACETAMINOFÉN,20 MG + 500 MG,TABLETA,,
PRAMIVERINA + ACETAMINOFÉN,2MG + 500MG,TABLETA,ACTA 18 2006,58734 – 72940 – 46739
PRAMIVERINA + ACETAMINOFÉN,0 7MG + 100MG   100ML,SOLUCIÓN ORAL,ACTA 18 2006,58734 – 72940 – 46739
PRAMIVERINA + ACETAMINOFÉN,4MG + 100MG   100ML,SOLUCIÓN ORAL,ACTA 18 2006,58734 – 72940 – 46739
PRAMOXINA O PRAMOCAINA,0 01,LOCION TOPICA,ACTA 04 DE 2016N3 11 5,
PRAMOXINA CLORHIDRATO + ÓXIDO DE ZINC,1 075 MG + 8 MG   100 ML,CREMA TÓPICA,,
PRAMOXINA CLORHIDRATO + ÓXIDO DE ZINC,1 075  MG + 120 MG   100 ML,LOCIÓN,ACTA NO  54 DE 1997  NUMERAL 2 1 6,215148
POLIETILENGLICOL 400 + PROPILENGLICOL,4 MG + 3 MG,SOLUCIÓN OFTÁLMICA,,
PSYLIUM + PECTINA + QUITINA + SALVADO DE TRIGO,200 MG + 40 MG + 180 MG + 170 MG,TABLETA,,
RANITIDINA,75MG,TABLETAS,,
RANITIDINA,75MG,TABLETA EFERVESCENTE,,
RUIBARBO POLVO + SULFATO DE MAGNESIO,1 G + 30 G   100 G       14 G + 84 G   100 G,POLVO PARA RECONSTITUIR A SOLUCIÓN ORAL,,
RUIBARBO POLVO + SULFATO DE MAGNESIO + HOJAS SEN,1 96 G + 94 G + 2 G   100 G,POLVO PARA RECONSTITUIR A SOLUCIÓN ORAL,,
RUIBARBO POLVO + ÁCIDO SALICÍLICO,2 5 G + 1 G   100 ML,SOLUCIÓN ORAL,ACTA NO  50 DE 1997  NUMERAL 2 7 13,103684
SALICILATO DE METILO,7 G   100 G,CREMA,,
SALICILATO DE METILO + CAPSAICINA,10G + 0 025G   100GR,GEL,ACTA 06 2009 NUMERAL 2 2 14,
SALICILATO DE METILO + YODO RESUBLIMADO,8 G + 4 G   100 G,POMADA,ACTA 29 DE 2005  NUMERAL  2 1 5 11,31884  19956379
SALICILATO DE METILO + YODO METALICO RESUBLIMADO,5 G + 5 333 G 100 G,UNGÜENTO TÓPICO,,39908
SALICILATO DE METILO+SOLUCIÓN DE YODO COMO  0100 G DE YODO PURO,0 117+0 028 100 G,CREMA TÓPICA,,37348
SALICILATO DE METILO + YODO METALICO + YODURO DE POTASIO,6 8PORCENTAJE + 4 8PORCENTAJE + 1PORCENTAJE,CREMA TÓPICA,ACTA NO  12  NUMERAL  2 2 1 DE 1999,40750
SALICILATO DE METILO+ MENTOL,10 G + 3 G,POMADA,,
SALICILATO DE METILO+ MENTOL,30 G + 10 G,POMADA,,
SALICILATO DE METILO+ MENTOL,10PORCENTAJE + 3PORCENTAJE,POMADA,ACTA NO  32 DE 2005  NUMERAL 2 1 3 6,19954075
SALICILATO DE METILO+ MENTOL,13 75 PORCENTAJE + 13 75 PORCENTAJE,POMADA,,41836
SALICILATO DE METILO+ MENTOL,27 G + 9 G,CREMA,ACTA NO  29 DE 2012  NUMERAL 3 1 6 11,20046201
SALICILATO DE METILO+ MENTOL,15 G + 10 G,CREMA,ACTA NO  08 DE 2014  NUMERAL 3 14 18,17423
SALICILATO DE METILO+ MENTOL,28 PORCENTAJE + 10 PORCENTAJE,CREMA,ACTA NO  08 DE 2014  NUMERAL 3 14 19,37470  39564
SALICILATO DE METILO+ MENTOL,30 PORCENTAJE + 8PORCENTAJE,CREMA,,38615  56365
SALICILATO DE METILO+ MENTOL,35 PORCENTAJE + 10 PORCENTAJE,CREMA,,46998
SALICILATO DE METILO+ MENTOL,29 99 PORCENTAJE + 10PORCENTAJE,CREMA,ACTA NO  28 DE 2004  NUMERAL 2 3 5,19948124
SALICILATO DE METILO+ MENTOL,12 PORCENTAJE + 1PORCENTAJE,SOLUCIÓN EN AEROSOL TÓPICO,ACTA NO  41 DE 2012  NUMERAL 3 1 5 4 Y ACTA NO  09 DE 2014,20048133  20048187
SALICILATO DE METILO+ MENTOL,25PORCENTAJE + 10PORCENTAJE,LOCIÓN,,39319
SALICILATO DE METILO+ MENTOL,13PORCENTAJE + 4PORCENTAJE,LOCIÓN,ACTA NO  54 DE 2011,20029817
SALICILATO DE METILO+ MENTOL,30 PORCENTAJE + 8PORCENTAJE,GEL,,56366
SALICILATO DE METILO+ MENTOL,15 PORCENTAJE + 5 PORCENTAJE,UNGÜENTO TÓPICO,ACTA NO  13 DE 2007  NUMERAL 2 7 8,212733  19991626
SALICILATO DE METILO+ MENTOL,29 58PORCENTAJE + 7 75PORCENTAJE,UNGÜENTO TÓPICO,ACTA NO  28 DE 2004  NUMERAL 2 3 4,19948126
SALICILATO DE METILO+ MENTOL,30PORCENTAJE + 10PORCENTAJE,UNGÜENTO TÓPICO,ACTA NO  28  NUMERAL 2 3 3 DE 2004   ACTA NO  8 DE 2014  NUMERAL 3 14 26,19948222
SALICILATO DE METILO +OLEORRESINA CAPSICUM EQUIVALENTE A CAPSAICINAS,10PORCENTAJE + 0 025 PORCENTAJE,GEL,ACTA NO  06 DE 2009  NUMERAL 2 2 14,20005572  20005672
SALICILATO DE METILO + MENTOL + OLEPRESINA DE CAPSAICINA,20 PORCENTAJE+2PORCENTAJE + 0 1PORCENTAJE,,ACTA NO  29 DE 2003  NUMERAL 2 3 5   ACTA NO  25 DE 2004  NUMERAL 2 3 27,19956039
SALICILATO DE METILO+ALCANFOR+OLEORESINA DE CAPSICO,15 ML + 5 ML + 5 ML  100 ML,SOLUCIÓN TÓPICA,,205717
SALICILATO DE METILO + CLORURO DE ZINC,4 G+0 421 G 100 ML,SOLUCIÓN ORAL,,224665
SALICILATO DE METILO + CLORURO DE ZINC,0 854 G + 0 385 G 100 ML,SOLUCIÓN BUCOFARÍNGEA,,226215
SALICILATO DE METILO + CLORURO  DE  ZINC + CLORURO DE CETILPIRIDINIO,0 854 G + 0 385 G + 0 2 G 100 ML,SOLUCIÓN BUCAL,ACTA NO  38 DE 2003  NUMERAL 2 2 3,19936669
SENOSIDOS+RUIBARBO BOLDO + CASCARA SAGRADA + ACEITE DE RICINO,"17 MG+75 MG+300 MG+400 MG
+50 MG",TABLETA,ACTA NO  51 DE 1997  NUMERAL 2 14 2,6295
SENÓSIDOS SENOSIDOS CALCICOS A+B,17MG,TABLETA,ACTA 19 DE 2016  NUMERAL 3 7 1,23278
SIMETICONA,80 MG,CÁPSULAS,,
SIMETICONA,250 MG,CÁPSULA BLANDA,ACTA NO  14 DE 1997  NUMERAL 2 3 1,1980366
SIMETICONA,50 MG Y 60 MG,GRAGEA,,
SIMETICONA,1 G   100 ML,SUSPENSIÓN ORAL,,
SIMETICONA,80 MG Y 250 MG,TABLETA,,
SIMETICONA,166 MG  Y  100 MG,TABLETA MASTICABLE,ACTA NO  22 DE 1997  NUMERAL 2 2 1,51891
SIMETICONA,125 MG,CÁPSULA DE GELATINA BLANDA   GRANULADOS  TABLETA,ACTA NO  14 DE 1997  NUMERAL 2 3 3,47089
SIMETICONA + ACEITE ESENCIAL ANÍS,185MG + 100MG,GOTAS – SOLUCIÓN ORAL,,
SIMETICONA + CARBÓN ACTIVADO,100MG + 250MG,CÁPSULA DURA,ACTA 22 2007 NUMERAL 2 1 3 1,
SIMETICONA + CARBÓN ACTIVADO,125 MG + 250 MG,CÁPSULA DURA,,
SIMETICONA + CARBÓN ACTIVADO + ACEITE ESENCIAL DE ANÍS,125MG + 250MG + 20MG,TABLETA RECUBIERTA,,
SIMETICONA + MAGALDRATE + ALGINATO DE SODIO + BICARBONATO DE SODIO,75 MG + 409 05 + 375 MG + 400 5MG   15ML,SUSPENSIÓN ORAL,ACTA 46 2009,20009573
"STREPTOCOCCUS CREMORIS+STREPTOCOCCUS LACTIS+LACTOBACILLUS ACIDOPHILLUS+LACTOBACILLUS BULGARICUS+LACTOBACILLUS PLANTARUM+LACTOBACILLUS CAUCASICUS +LACTOBACILLUS LACTIS+LACTOBACILLUS CASEI+ 
SACHAROMYCES  S P","337 5 MILLONES+
337 5 MILLONES+
1 125 MILLONES+
1 125 MILLONES+
1 125 MILLONES+
1 125 MILLONES+
1 125MILLONES+
1 125 MILLONES+
187 5 MILLONES+",LIOFILIZADO PARA SOLUCIÓN BEBIBLE,ACTA NO  33 DE 1996  NUMERAL 2 4 1,
SUBSALICILATO DE BISMUTO,525MG 15ML,SUSPENSIÓN ORAL,,
SULFURO DE SELENIO,0 025,LOCIÓN,,
SULFADIAZINA DE PLATA,0 01,POLVO TÓPICO,,
SULFADIAZINA DE PLATA,0 01,CREMA,ACTA 10 2° N 3 16 5,19964399
SULFADIAZINA DE PLATA,0 01,LOCIÓN,,
SULFATO DE ZINC MONOHIDRATADO,20 MG ZINC ELEMENTAL,CÁPSULA BLANDA   TABLETAS,ACTA 42 2010,20020942
SULFATO DE ZINC MONOHIDRATADO,2 MG   ML Ó 4 MG ML Ó 10 MG   ML,SOLUCIÓN ORAL,ACTA 26 2010,20010881
TIAMINA MONONITRATO + RIBOFLAVINA + PIRIDOXINA + NICOTINAMIDA,10MG + 10 MG + 20MG + 50MG,CÁPSULA BLANDA,ACTA 12 NUMERAL 3 1 2 4,
TERBINAFINA,0 01,GEL TÓPICO,,
TERBINAFINA,0 01,CREMA,,
TERBINAFINA,0 01,LOCIÓN,,
TERBINAFINA,0 01,POLVO TÓPICO,,
TERBINAFINA,10 MG   G,SOLUCIÓN FORMADORA DE PELÍCULA,,
TERBINAFINA,0 01,SUSPENSIÓN EN AEROSOL,,
TERBINAFINA,1 125G   100 G,SUSUPENSIÓN EN AEROSOL,,
TIOCONAZOL,0 01,CREMA,,
TIOCONAZOL,0 02,,,
TIOCONAZOL,0 01,POLVO TÓPICO,,
TIOCONAZOL,0 01,LOCIÓN TÓPICA,,
ÓXIDO DE ZINC + DIÓXIDO DE TITANIO + VITAMINA A PALMITATO,18 5PORCENTAJE + 8 PORCENTAJE + 0 15 PORCENTAJE,POMADA,ACTA NO  47 DE 1997  NUMERAL 2 3 5 Y ACTA NO  56 DE 2009  NUMERAL 2 3 4,
TRICLOSÁN,0 2 PORCENTAJE  0 25 PORCENTAJE Y 0 5 PORCENTAJE,POLVO TÓPICO,,
TRICLOSÁN,0 00002,SOLUCIÓN TÓPICA,,
TRICLOSÁN  + ÁCIDO BÓRICO,0 1 PORCENTAJE + 2 5 PORCENTAJE,POLVO TÓPICO,,
TRICLOSÁN  + ÁCIDO BÓRICO,0 1 PORCENTAJE 4 28 PORCENTAJE,POLVO TÓPICO,,
TRICLOSÁN  + ÁCIDO BÓRICO,0 2 PORCENTAJE + 4  5PORCENTAJE,POLVO TÓPICO,,
TRICLOSÁN + ÁCIDO BÓRICO + ÓXIDO DE ZINC,0 15PORCENTAJE + 3PORCENTAJE + 3PORCENTAJE,POLVO TÓPICO,,
TRICLOSÁN + ÁCIDO BÓRICO + ÓXIDO DE ZINC,0 1PORCENTAJE + 3PORCENTAJE + 13 3PORCENTAJE,POLVO TÓPICO,,
TRICLOSÁN + ÁCIDO BÓRICO + ÓXIDO DE ZINC,5PORCENTAJE + 0 2 PORCENTAJE + 2PORCENTAJE,POLVO TÓPICO,,
TRICLOSÁN + ÁCIDO BÓRICO + ÓXIDO DE ZINC,0 2 + 5 PORCENTAJE + 2 PORCENTAJE,POLVO TÓPICO,,
TRICLOSÁN + ÁCIDO BÓRICO + ÓXIDO DE ZINC,0 1 PORCENTAJE + 3 PORCENTAJE 6 PORCENTAJE,POLVO TÓPICO,,
TRICLOSÁN + D PANTENOL,1 1 G + 0 1 G   100 ML,SOLUCIÓN BUCOFARÍNGEA,,
TOLNAFTATO,0 01,CREMA,,
TOLNAFTATO,0 01,LOCIÓN TÓPICA,,
TOLNAFTATO,0 01,POLVO TÓPICO,,
TOLNAFTATO,0 01,ESPUMA,ACTA 12 DE 2016  NUMERAL 3 1 5 1,20107141
TOLNAFTATO,0 01,TALCO SECO EN AEROSOL,A 17 DE 2017 N 3 1 5 4,20127256
VITAMINA E  ALFA TOCOFEROL ACETATO,100 MG,CÁPSULA,,
VITAMINA E  ALFA TOCOFEROL ACETATO,100 MG,TABLETA,,
VITAMINA E  ALFA TOCOFEROL ACETATO,400 U I Y 1000 U I  666 67 G,CÁPSULA BLANDA,,
VITAMINA A  PALMITATO,10000 U I,CÁPSULA,,
VITAMINA B1  TIAMINA,30 MG,TABLETA,ACTA NO  10 DE 1997  NUMERAL 2 1 9,45444
VITAMINA C  ACIDO ASCORBICO,500MG  SOBRE  4 GRAMOS,POLVO PARA RECONSTITUIR A SOLUCIÓN ORAL,ACTA,20109832
VITAMINA C  ACIDO ASCORBICO,1G SOBRE,POLVO EFERVESCENTE,ACTA 23 2018 N 3 1 5 4 SEM,20146575
VITAMINA A  PALMITATO  + VITAMINA B1 +VITAMINA B2 + NICOTINAMIDA + CALCIO ELEMENTAL,600 UI + 1 MG + 1 5 MG + 15 MG +15 MG + 500 MG,POLVO LIOFILIZADO  PARA RECONSTITUIR A SOLUCIÓN ORAL,ACTA NO  12 DE 1998  NUMERAL 2 4 2,206987
VITAMINA A  ACETATO VIT A + BETACAROTENO  +  TIAMINA +  RIBOFLAVINA + NICOTINAMIDA + ÁCIDO PANTOTÉNICO + PIRIDOXINA + CIANOCOBALAMINA + ÁCIDO ASCÓRBICO + VITAMINA D + VITAMINA E + BIOTINA + ÁCIDO FÓLICO + VITAMINA K + CALCIO ELEMENTAL + CLORO + COBRE + CROMO + YODO + MAGNESIO + MANGANESO + MOLIBDENO + NÍQUEL + SELENIO + SILICIO + VANADIO + ZINC + LUTEÍNA + POTASIO + FOSFORO,5000 U I + 1 5 MG + 1 7 MG +  20 MG +  10 MG + 3 MG + 25 MCG + 60 MG + 400 UI + 45 UI + 30 MCG + 400 MCG + 10 MCG +  200 MG + 72 6 MG + 2 MG + 150 MCG +  150 MCG + 100 MG + 2 MG + 75 MCG + 5 MCG + 20 MCG + 2 MG + 10 MCG + 15 MG + 250 MCG + 80 MG + 48 MG,TABLETA,,
VITAMINA A+ BETACAROTENO+ VITAMINA B1  TIAMINA + VITAMINA B2  RIBOFLAVINA + VITAMINA B3  NIACINAMIDA + VITAMINA B5  ÁCIDO PANTOTÉNICO + VITAMINA B6  PIRIDOXINA + VITAMINA B12  CIANOCOBALAMINA  + VITAMINA C  ÁCIDO ASCÓRBICO + VITAMINA D3+ VITAMINA E+ BIOTINA+ ÁCIDO FÓLICO  MINERALES  CALCIO+ HIERRO+ OLIGOELEMENTOS  COBRE+ CROMO+ MAGNESIO+ YODO+ MANGANESO+ MOLIBDENO+ SELENIO+ ZINC,1 500 UI+ 1 500 UI+ 3 MG+ 3 4 MG+ 20 MG+ 10 MG+ 12 MCG+ 10 MG+ 100 MG+ 250 UI+ 30 UI+ 30 MCG+ 1 MG+ 250 MG+ 60 MG+ 2 MG+ 25 MCG+ 50 MG+ 150 MCG+ 5 MG+ 25 MCG+ 25 MCG+ 25 MG,TABLETA,,
VITAMINA A  20PORCENTAJE COMO BETACAROTENO  + VITAMINA B1  TIAMINA  + VITAMINA B2  RIBOFLAVINA  + VITAMINA B3  NIACINA O NICOTINAMIDA  + VITAMINA B5  ÁCIDO PANTOTÉNICO  + VITAMINA B6  PIRIDOXINA  + VITAMINA B12  CIANOCOBALAMINA  + VITAMINA C  ÁCIDO ASCÓRBICO  + VITAMINA D  COLECALCIFEROL  + VITAMINA E  DI ALFATOCOFEROL ACETATO  + VITAMINA K  FITONADIONA  + BIOTINA + ÁCIDO FÓLICO + CALCIO + HIERRO + FÓSFORO + MAGNESIO + POTASIO + ZINC,1100 UI  + 0 5 MG + 0 5 MG + 5 MG + 4 MG + 1 MG + 1 ΜG + 30 MG + 125 UI  + 7 5 UI  + 10 ΜG + 40 ΜG +  195 ΜG + 100 MG + 4 5 MG + 77 MG + 40 MG + 1 75 MG + 2 8 MG,TABLETA MASTICABLE,ACTA 42 2010,20020955
VITAMINA A  BETA CAROTENO  + VITAMINA B1 + VITAMINA B2 + VITAMINA B6 + VITAMINA B12 + VITAMINA C + VITAMINA D + VITAMINA E + ÁCIDO FÓLICO + BIOTINA + NIACINA + CROMO + COBRE + HIERRO + YODO + MOLIBDENO + SELENIO + ZINC + MAGNESIO + CALCIO,2MG +  1 4MG + 1 4MG + 1 9MG + 2 6MG + 85MG + 200 UI + 15MG + 600ΜG + 30ΜG + 18MG + 30ΜG + 1MG + 27MG + 200ΜG + 50ΜG + 60ΜG + 11MG + 53MG + 150MG,TABLETAS,ACTA 11 2010,20015462
VITAMINA A ACETATO + VITAMINA C + VITAMINA D + VITAMINA E + VITAMINA K + VITAMINA B1 + VITAMINA B2 + NIACINA + PIRIDOXINA + ÁCIDO FÓLICO + VITAMINA B 12 + BIOTINA + D CALCIO PANTOTENATO + CARBONATO DE CALCIO + FOSFATO DE CALCIO DIBÁSICO + YODO DE POTASIO + ÓXIDO DE MAGNESIO + ÓXIDO DE ZINC + SELENATO DE SELENIO + SULFATO DE COBRE + SULFATO DE MANGANESO + CLORURO DE CROMO + MOLIBDATO DE SODIO + CLORURO DE POTASIO + SULFATO DE NIQUEL + DIÓXIDO DE SILICIO + METAVANADATO DE SODIO + BORATO DE SODIO + LUTEÍNA + LICOPENO,5MG  BETA CAROTENO AL 20PORCENTAJE 3 1MG  + 60MG + 4MG + 90MG + 1MG + 1 5MG +  1 7MG + 20MG + 3 7MG + 400MCG + 2 5MG + 3MG + 11MG + 390MG + 207MG + 200MCG + 167MG + 19MG + 48MCG + 5 7MG + 6MG + 457MCG + 161MCG + 154MG + 11MCG + 4 3MG + 24MCG + 283MCG + 1 25MG + 3MG,TABLETAS,ACTA 06 2006 NUMERAL 2 11 5,
VITAMINA A + RIBOFLAVINA + PIRIDOXINA + VITAMINA B12 + NICOTINAMIDA + VITAMINA C + PANTOTENATO DE CALCIO + ZINC + TIAMINA MONONITRATO,5300UI + 2 5MG + 1 5MG + 7MCG + 37MCG + 100MG + 10MG + 11 25MG + 2 5MG,GRANULADO,ACTA 01 2006,19956385
VITAMINA A  PALMITATO  + VITAMINA B1 +  VITAMINA B2 + VITAMINA B6 + VITAMINA B12 + VITAMINA C + VITAMINA D + VITAMINA E + D BIOTINA + CALCIO + ÁCIDO FÓLICO + NICOTINAMIDA + CALCIO + MAGNESIO + HIERRO + MANGANESO + FÓSFORO + COBRE + ZINC,3 333UI + 1 5MG + 1 7MG + 2 2MG + 0 003MG + 60MG + 300UI + 15MG + 0 2MG + 5 5MG + 0 1MG + 19MG + 62 5MG + 50MG + 4 5MG + 0 3MG + 62 5 + 0 5MG + 3 75MG,TABLETA LACADA,ACTA 11 2006 NUMERAL 2 1 1 3,
VITAMINA A + TIAMINA + RIBOFLAVINA + PIRIDOXINA + CIANOCOBALAMINA +  ÁCIDO ASCÓRBICO + VITAMINA D3 + NICOTINAMIDA + ÁCIDO FÓLICO + CARBONATO DE CALCIO + FUMARATO FERROSO + ÓXIDO DE ZINC + VITAMINA E + DHA,2664 UI + 3 MG + 3 4 MG +  4 0 MG + 2 2 ΜG + 70 MG + 400 UI + 17 MG + 600 ΜG + 125 MG + 30 MG + 15 MG + 10 UI + 150 MG,CÁPSULA BLANDA,ACTA 06 2010,20014300
VITAMINA A  PALMITATO DE RETINOL  +  COLECALCIFEROL + ALFA TOCOFEROL +  FITOMENADIONA + HIDROCLORURO DE TIAMINA + RIBOFLAVINA + PIRIDOXINA + CIANOCOBALAMINA + NICOTINAMIDA + ÁCIDO FÓLICO + ÁCIDO D PANTOTÉNICO + BIOTINA + ÁCIDO ASCÓRBICO +  GLICEROFOSFATO CÁLCICO + FÓSFORO +  GLICEROFOSFATO CÁLCICO + CALCIO + MAGNESIO + HIERRO + ZINC + MANGANESO + FLUORURO +  COBRE + YODO + SELENIO + MOLIBDENO + CROMO,2666UL + 200UI + 10MG + 30MG + 4 2MG + 4 8MG + 6MG + 3MCG + 54MG + 0 6MG + 18MG + 0 45MG + 180MG + 34 47MG + 126MG + 44 6MG + 120MG + 45MG + 8MG + 8MG + 1 8MG +  1 5MG + 0 9MG + 75MCG + 55MCG + 45MCG + 25MCG,TABLETA EFERVESCENTE,ACTA 11 2006 NUMERAL 2 1 1 4,
"VITAMINA A 2664 UI  COMO PALMITATO  2 664 MG + VITAMINA D3 400 UI  COLECALCIFEROL  0 40 MG + VITAMINA C  ACIDO ASCORBICO  70 0 MG + VITAMINA B1  TIAMINA MONONITRATO  3 0 MG
 + VITAMINA B2  RIBOFLAVINA  3 40 MG + NICOTINAMIDA 17 0 MG
 + VITAMINA B6  PIRIDOXINA CLORHIDRATO  4 0 MG
 + ACIDO FOLICO 0 60 MG
 + VITAMINA B12  CIANOCOBALAMINA  2 20 MCG
 + HIERRO 30 MG  FUMARATO FERROSO  91 27 MG + 
  ZINC 15 MG  OXIDO DE ZINC  18 67 MG + CALCIO 125 MG  COMO CARBONATO DE CALCIO  311 95 MG + VITAMINA E  DL ALFA TOCOFEROL ACETATO  10 0 MG","2664 UI  + 400 UI + 70 0 MG +  3 0 MG
 + 3 40 MG + 17 0 MG  +  4 0 MG  + 0 60 MG  +  2 20 MCG  +  30 MG + 15 MG  +  125 MG  + 10 0 MG",CÁPSULA BLANDA,ACTA 03 DE 2017 NUMERAL 3 11 2,19960586
VITAMINA B1  TIAMINA  + VITAMINA B6  PIRIDOXINA,100MG  + 150 MG,TABLETA,A 02 2018 N  3 1 2 1 SEMNNIMB,
VITAMINA B1+RIBOFLAVINA+NICOTINAMIDA+PIRIDOXINA CLORHIDRATO,10MG+10MG+50MG+20MG,TABLETAS,ACTA 35 2005NUMERAL 2 1 3 8,
VITAMINA B1 + RIBOFLAVINA + PIRIDOXINA + CIANOCOBALAMINA + ÁCIDO PANTOTÉNICO +  BIOTINA + ÁCIDO ASCÓRBICO + ÁCIDO FÓLICO +  CALCIO + MAGNESIO + ZINC,15MG + 15MG + 15MG + 0 01MG + 23MG + 0 150MG + 500MG + 0 4MG + 100MG + 100MG + 10MG,TABLETA EFERVESCENTE,ACTA 07 2006,19954448
VITAMINA B1 + VITAMINA B2 + VITAMINA B6 + VITAMINA B12 + ÁCIDO FÓLICO + VITAMINA C + BIOTINA + NICOTINAMIDA + ÁCIDO PANTOTÉNICO + CALCIO + MAGNESIO + ZINC,15MG + 15MG + 10MG + 0 01MG + 0 4MG + 500MG + 0 15MG + 50MG + 23MG + 100MG + 100MG + 10MG,TABLETAS,ACTA 07 2006,19954449
VITAMINA D3  COLECALCIFEROL   + CALCIO +  SULFATO CÚPRICO  COBRE  + SULFATO DE MANGANESO  MANGANESO  + ÓXIDO DE MAGNESIO  MAGNESIO  + BORO + SULFATO DE ZINC MONOHIDRATO EQUIVALENTE A ZINC,200 U I  + 600 MG + 1 MG + 1 8 MG +  40 MG + 250 ΜG + 7 5 MG,TABLETAS,,
VITAMINA E,1000 U I,CAPSULA BLANDA,ACTA 32 DE 2013 N3 10 14,19903517 y 19945052
VITAMINA E + COBRE + ÁCIDO ASCÓRBICO + GLUCONATO DE ZINC + BETACAROTENO + SELENIO + RIBOFLAVINA + LUTEÍNA  ZEAXANTINA,100UI + 2MG + 300MG + 40MG + 10000UI + 50MCG + 20MG + 4MG  176MCG,TABLETAS DE LIBERACIÓN PROLONGADA,ACTA 07 2009 NUMERAL 2 7 1,
VIATMINA B1  TIAMINA MINOHIDRATO  + VITAMINA B2  RIBOFLAVINA  + NICOTINAMIDA  + VITAMINA B6  PRIRIDOXINA CLORHIDRATO   + ACIDO FOLICO + VIATMINA B12  CIANOCOBALAMINA  + HIERRO  FUMARATO FERROSO  + ZINC  OXIDO DE ZINC  + CALCIO  CARBONATO DE CALCIO   + VITAMINA E  DL ALFA TOCOFEROL ACETATO,3 0MG+ 3 40MG+17 0MG + 4 0MG + 0 60MG + 2 20MCG +91 27 MG + 18 67 MG +311 95MG +10 0 MG,CAPSULA BLANDA,ACTA 03 DE 2017 N  3 11 2,19960586
UREA,0 2,ESPUMA TÓPICA EN AEROSOL,A  05 DE 2016N 3 1 5 13,20103412
YODO,2 100 G DE COMPLEJO ÁCIDO YODHÍDRICO YODO  1 080 DE ÁCIDO YODHÍDRICO   100 ML,SOLUCIÓN TÓPICA,ACTA 01 2010,38457
YODO,0 8G  DE COMPLEJO YODO IODHÍDRICO  EQUIVALENTE A YODO 0 93   100 ML,SOLUCIÓN,ACTA 32 2009 NUMERAL 2 1 7 1,
YODO,45G DE COMPLEJO YODO POLAXAMER   EQUIVALENTE A 0 75G DE YODO DISPONIBLE,EMULSIÓN  CHAMPÚ,ACTA 17 2006,43050
YODO,6 GRAMOS DE COMPLEJO YODO POLIETILENOXI POLIPROPOXI POLIETOXI ETANOL FORMADO POR   POLIETOXI POLIPROPOXI POLIETOXI ETANOL,SOLUCIÓN,ACTA 38 2009,26695
YODO YODURO SODIO YODATO POTASIO COMPLEJO,0 616 MG   100 ML,JABÓN LÍQUIDO,,
YODOPOLIVINILPIRROLIDONA,8G,SOLUCION  TOPICA,NF 13 1 3 0 N10,210084
YODOPOLIVINILPIRROLIDONA,10 5G,SOLUCION  TOPICA,NF D08AG02,19927355
YODOPOLIVINILPIRROLIDONA   YODOPOVIDONA,0 1,UNGÜENTO,ACTA NO  04 DE 99,20805
YODOPOLIVINILPIRROLIDONA   YODOPOVIDONA,0 01,SOLUCIÓN TÓPICA,,
YODOPOLIVINILPIRROLIDONA   YODOPOVIDONA,0 08,ESPUMA,,
YODOPOLIVINILPIRROLIDONA   YODOPOVIDONA,5 PORCENTAJE  10 PORCENTAJE Y 11 PORCENTAJE,LOCIÓN,,
YODOPOLIVINILPIRROLIDONA   YODOPOVIDONA,11 MG 120 ML Y 7 5 PORCENTAJE,CHAMPÚ,,
YODO POLIVINIL PIRROLIDONA+MENTOL LEVOROTATORIO+SALICILATO DE METILO,0 1 PORCENTAJE  10PORCENTAJE  35PORCENTAJE,CREMA TOPICA,ACTA NO  17 DE  2009 NUMERAL 2 5 20,227755
YODOPOLIVINILPIRROLIDONA EQUIVALENTE A YODO LIBRE+ALCANFOR+MENTOL+SALICILATO DE METILO,10 MG+1 G+1G+12G 100 ML,SOLUCIÓN TÓPICA,ACTA NO  12 DE 1999  NUMERAL 2 2 1,228748
YODURO DE TIBEZONIO,5 MG,TABLETA,,
TODAS LOS ASOCIACIONES QUE TENGAN INDICACIÓN DE RESFRIADO COMÚN EXCEPTO EN NIÑOS MENORES DE 12 AÑOS,,,,
